,date,Unnamed: 1,CDU/CSU,SPD,GRÜNE,FDP,LINKE,AfD,FW,BSW,Sonstige,Befragte,Zeitraum,PIRATEN
0,11.12.2025,,"27,0 %","14,0 %","12,5 %","4,5 %","9,0 %","25,0 %",–,"3,0 %","5,0 %",1.029,22.11.–04.12.,
1,14.11.2025,,"27,0 %","15,5 %","11,0 %","3,5 %","10,0 %","24,0 %",–,"4,0 %","5,0 %",1.011,23.10.–06.11.,
2,17.10.2025,,"26,0 %","15,0 %","11,0 %","3,0 %","11,0 %","25,0 %",–,"4,0 %","5,0 %",1.044,26.09.–10.10.,
3,24.09.2025,,"27,0 %","15,0 %","11,0 %","4,0 %","11,0 %","24,0 %",–,"3,0 %","5,0 %",1.013,05.09.–17.09.,
4,21.08.2025,,"28,0 %","16,0 %","11,0 %","4,0 %","10,0 %","22,5 %",–,"4,0 %","4,5 %",1.051,01.08.–14.08.,
5,19.07.2025,,"29,0 %","15,0 %","12,0 %","4,0 %","9,0 %","23,0 %",–,"3,5 %","4,5 %",1.054,04.07.–16.07.,
6,20.06.2025,,"29,0 %","16,0 %","11,0 %","4,0 %","9,0 %","23,0 %",–,"4,0 %","4,0 %",1.054,01.06.–12.06.,
7,24.05.2025,,"28,0 %","17,0 %","11,0 %","3,0 %","10,0 %","22,5 %",–,"4,0 %","4,5 %",1.032,03.05.–14.05.,
8,19.04.2025,,"27,0 %","16,0 %","12,0 %","3,0 %","10,0 %","23,5 %",–,"4,0 %","4,5 %",1.048,28.03.–09.04.,
9,27.03.2025,,"29,5 %","16,0 %","11,5 %","3,0 %","10,0 %","21,0 %",–,"4,0 %","5,0 %",1.031,27.02.–11.03.,
10,21.02.2025,,"32,0 %","14,5 %","12,0 %","4,5 %","7,5 %","20,0 %",–,"4,5 %","5,0 %",1.064,09.02.–20.02.,
11,13.02.2025,,"32,0 %","15,0 %","13,0 %","5,0 %","6,0 %","20,0 %",–,"4,0 %","5,0 %",1.021,31.01.–12.02.,
12,23.01.2025,,"34,0 %","17,0 %","13,5 %","4,0 %",–,"20,0 %",–,"5,0 %","6,5 %",1.015,07.01.–19.01.,
13,20.12.2024,,"36,0 %","16,0 %","12,0 %","4,0 %",–,"18,0 %",–,"6,0 %","8,0 %",1.006,30.11.–12.12.,
14,22.11.2024,,"37,0 %","15,0 %","10,0 %","4,0 %",–,"17,0 %",–,"7,5 %","9,5 %",1.049,02.11.–14.11.,
15,18.10.2024,,"36,0 %","15,0 %","10,5 %","4,5 %",–,"16,0 %",–,"9,0 %","9,0 %",1.041,28.09.–11.10.,
16,19.09.2024,,"35,5 %","16,0 %","10,0 %","4,0 %",–,"17,0 %",–,"9,0 %","8,5 %",1.017,29.08.–11.09.,
17,22.08.2024,,"34,0 %","16,0 %","11,5 %","5,0 %","3,0 %","16,0 %",–,"7,0 %","7,5 %",1.051,03.08.–15.08.,
18,25.07.2024,,"32,0 %","16,5 %","11,5 %","6,0 %",–,"17,0 %",–,"8,0 %","9,0 %",1.003,05.07.–19.07.,
19,20.06.2024,,"32,0 %","16,0 %","13,0 %","6,0 %","3,0 %","15,0 %",–,"7,0 %","8,0 %",1.084,01.06.–13.06.,
20,24.05.2024,,"32,5 %","17,5 %","13,0 %","6,0 %","3,0 %","14,0 %",–,"8,0 %","6,0 %",1.093,04.05.–16.05.,
21,26.04.2024,,"32,5 %","16,0 %","15,0 %","6,0 %","3,0 %","16,0 %",–,"7,0 %","4,5 %",1.041,05.04.–18.04.,
22,21.03.2024,,"34,0 %","15,0 %","14,0 %","5,0 %","3,0 %","16,0 %",–,"7,0 %","6,0 %",1.027,01.03.–14.03.,
23,22.02.2024,,"32,0 %","15,0 %","14,0 %","6,0 %","3,0 %","18,0 %",–,"7,0 %","5,0 %",1.053,03.02.–15.02.,
24,25.01.2024,,"34,0 %","15,0 %","13,5 %","6,0 %","4,0 %","19,5 %","3,0 %",–,"5,0 %",1.018,05.01.–18.01.,
25,21.12.2023,,"34,0 %","17,0 %","15,0 %","5,0 %","3,5 %","18,0 %","3,0 %",–,"4,5 %",1.013,01.12.–14.12.,
26,23.11.2023,,"32,0 %","17,0 %","13,5 %","6,0 %","3,5 %","19,0 %","4,0 %",–,5 %,1.047,03.11.–16.11.,
27,25.10.2023,,"34,0 %","17,0 %","13,0 %","5,0 %","3,0 %","19,0 %","4,0 %",–,5 %,1.01,06.10.–19.10.,
28,21.09.2023,,"30,0 %","18,0 %","14,0 %","7,0 %","5,0 %","19,0 %",–,–,"7,0 %",1.03,04.09.–15.09.,
29,23.08.2023,,"29,0 %","19,0 %","14,0 %","7,0 %","5,0 %","19,0 %",–,–,"7,0 %",1.026,04.08.–16.08.,
30,27.07.2023,,"29,0 %","19,0 %","16,0 %","7,0 %","4,0 %","18,0 %",–,–,"7,0 %",1.011,07.07.–19.07.,
31,29.06.2023,,"31,0 %","19,0 %","15,0 %","8,0 %","4,0 %","17,0 %",–,–,"6,0 %",1.039,09.06.–22.06.,
32,18.05.2023,,"32,0 %","18,0 %","16,0 %","8,0 %","5,0 %","15,0 %",–,–,"6,0 %",1.001,28.04.–10.05.,
33,26.04.2023,,"31,0 %","20,0 %","15,0 %","7,5 %","5,0 %","16,0 %",–,–,"5,5 %",1.007,03.04.–18.04.,
34,23.03.2023,,"31,0 %","21,0 %","16,0 %","6,5 %","4,5 %","15,0 %",–,–,"6,0 %",1.101,02.03.–15.03.,
35,15.02.2023,,"30,0 %","22,5 %","16,0 %","7,5 %","4,0 %","14,0 %",–,–,"6,0 %",1.088,27.01.–09.02.,
36,26.01.2023,,"31,0 %","21,0 %","17,0 %","6,0 %","4,5 %","14,0 %",–,–,"6,5 %",1.023,05.01.–18.01.,
37,21.12.2022,,"30,0 %","22,0 %","18,0 %","7,5 %","4,5 %","12,0 %",–,–,"6,0 %",1.035,02.12.–15.12.,
38,24.11.2022,,"29,5 %","20,0 %","20,0 %","7,0 %","4,0 %","14,0 %",–,–,"5,5 %",1.042,05.11.–17.11.,
39,20.10.2022,,"30,5 %","19,0 %","19,0 %","7,0 %","5,0 %","14,0 %",–,–,"5,5 %",1.021,01.10.–13.10.,
40,16.09.2022,,"30,0 %","20,0 %","19,0 %","7,0 %","5,5 %","13,0 %",–,–,"5,5 %",1.03,01.09.–14.09.,
41,24.08.2022,,"29,0 %","19,5 %","21,0 %","8,0 %","5,0 %","12,0 %",–,–,"5,5 %",1.038,05.08.–08.08.,
42,27.07.2022,,"27,5 %","22,0 %","22,0 %","7,0 %","5,0 %","11,0 %",–,–,"5,5 %",1.006,08.07.–21.07.,
43,22.06.2022,,"27,0 %","23,0 %","22,0 %","8,0 %","4,5 %","10,0 %",–,–,"5,5 %",1.046,03.06.–17.06.,
44,27.05.2022,,"29,0 %","24,0 %","20,5 %","8,0 %","4,5 %","9,0 %",–,–,"5,0 %",1.118,06.05.–18.05.,
45,13.04.2022,,"24,0 %","28,0 %","17,0 %","9,0 %","6,0 %","9,0 %",–,–,"7,0 %",1.075,25.03.–06.04.,
46,24.03.2022,,"25,0 %","25,0 %","17,0 %","10,5 %","5,0 %","10,0 %",–,–,"7,5 %",1.041,09.03.–21.03.,
47,24.02.2022,,"27,0 %","25,0 %","15,0 %","10,5 %","6,0 %","10,0 %",–,–,"6,5 %",1.033,03.02.–16.02.,
48,26.01.2022,,"23,0 %","27,5 %","14,5 %","12,5 %","5,5 %","10,0 %",–,–,"7,0 %",1.09,06.01.–20.01.,
49,22.12.2021,,"24,0 %","26,0 %","15,0 %","13,0 %","5,0 %","10,5 %",–,–,"6,5 %",1.069,01.12.–15.12.,
50,18.11.2021,,"23,0 %","27,0 %","15,0 %","14,0 %","5,5 %","9,5 %",–,–,"6,0 %",1.016,29.10.–11.11.,
51,20.10.2021,,"21,0 %","28,0 %","15,0 %","14,0 %","5,0 %","9,5 %",–,–,"7,5 %",1.045,01.10.–14.10.,
52,24.09.2021,,"25,0 %","26,0 %","16,0 %","10,5 %","5,0 %","10,0 %",–,–,"7,5 %",1.554,16.09.–23.09.,
53,08.09.2021,,"25,0 %","27,0 %","15,5 %","9,5 %","6,0 %","11,0 %",–,–,"6,0 %",1.258,01.09.–07.09.,
54,28.08.2021,,"26,0 %","24,0 %","17,0 %","10,5 %","6,0 %","10,5 %",–,–,"6,0 %",1.038,18.08.–26.08.,
55,19.08.2021,,"27,5 %","19,5 %","17,5 %","11,0 %","7,5 %","11,0 %",–,–,"6,0 %",1.018,05.08.–17.08.,
56,28.07.2021,,"30,0 %","16,0 %","19,5 %","12,0 %","7,0 %","9,5 %",–,–,"6,0 %",1.243,03.07.–22.07.,
57,20.07.2021,,"31,5 %","16,5 %","18,0 %","12,0 %","6,5 %","9,5 %",–,–,"6,0 %",1.028,03.07.–14.07.,
58,16.06.2021,,"29,5 %","17,0 %","21,5 %","11,0 %","7,0 %","9,0 %",–,–,"5,0 %",1.07,28.05.–09.06.,
59,19.05.2021,,"27,5 %","16,0 %","24,0 %","10,0 %","6,5 %","10,0 %",–,–,"6,0 %",1.027,01.05.–13.05.,
60,21.04.2021,,"28,0 %","16,5 %","23,0 %","10,0 %","7,5 %","9,5 %",–,–,"5,5 %",1.051,06.04.–15.04.,
61,24.03.2021,,"28,5 %","18,0 %","21,5 %","8,5 %","8,5 %","10,0 %",–,–,"5,0 %",1.006,08.03.–21.03.,
62,25.02.2021,,"37,0 %","15,0 %","20,0 %","7,0 %","7,0 %","9,5 %",–,–,"4,5 %",1.082,04.02.–17.02.,
63,28.01.2021,,"37,0 %","16,0 %","20,0 %","6,5 %","7,5 %","9,0 %",–,–,"4,0 %",1.08,10.01.–20.01.,
64,16.12.2020,,"37,0 %","16,5 %","19,0 %","7,0 %","7,0 %","9,0 %",–,–,"4,5 %",1.022,28.11.–10.12.,
65,18.11.2020,,"37,0 %","17,0 %","18,0 %","6,5 %","7,5 %","9,5 %",–,–,"4,5 %",1.286,01.11.–11.11.,
66,23.10.2020,,"35,5 %","17,0 %","20,0 %","6,0 %","7,0 %","10,0 %",–,–,"4,5 %",1.045,07.10.–20.10.,
67,22.09.2020,,"37,0 %","17,0 %","19,5 %","6,0 %","7,0 %","9,0 %",–,–,"4,5 %",1.043,04.09.–16.09.,
68,27.08.2020,,"38,0 %","17,0 %","19,0 %","5,5 %","7,0 %","9,0 %",–,–,"4,5 %",1.231,05.08.–18.08.,
69,22.07.2020,,"38,0 %","15,5 %","20,0 %","5,5 %","7,5 %","9,0 %",–,–,"4,5 %",1.237,03.07.–16.07.,
70,18.06.2020,,"40,0 %","16,0 %","18,5 %","4,5 %","7,0 %","9,5 %",–,–,"4,5 %",1.314,01.06.–13.06.,
71,22.05.2020,,"38,0 %","15,5 %","19,0 %","5,5 %","7,0 %","9,0 %",–,–,"6,0 %",1.013,06.05.–14.05.,
72,24.04.2020,,"38,0 %","16,0 %","19,0 %","6,0 %","7,0 %","9,0 %",–,–,"5,0 %",1.152,01.04.–15.04.,
73,25.03.2020,,"29,0 %","16,5 %","23,0 %","7,0 %","8,0 %","11,5 %",–,–,"5,0 %",1.219,05.03.–18.03.,
74,19.02.2020,,"27,5 %","14,5 %","23,0 %","8,0 %","9,5 %","13,0 %",–,–,"4,5 %",1.262,01.02.–12.02.,
75,29.01.2020,,"28,5 %","14,0 %","23,5 %","8,0 %","8,0 %","13,0 %",–,–,"5,0 %",1.273,09.01.–22.01.,
76,19.12.2019,,"28,5 %","15,0 %","21,0 %","7,0 %","8,5 %","15,0 %",–,–,"5,0 %",1.27,01.12.–11.12.,
77,19.11.2019,,"29,5 %","14,0 %","21,5 %","7,5 %","8,0 %","14,5 %",–,–,"5,0 %",1.298,02.11.–13.11.,
78,16.10.2019,,"29,5 %","16,0 %","23,5 %","6,5 %","7,0 %","13,0 %",–,–,"4,5 %",1.238,27.09.–10.10.,
79,17.09.2019,,"29,0 %","15,0 %","22,0 %","7,0 %","8,0 %","14,0 %",–,–,"5,0 %",1.255,01.09.–12.09.,
80,21.08.2019,,"29,5 %","13,5 %","24,0 %","7,0 %","8,0 %","12,5 %",–,–,"5,5 %",1.262,02.08.–15.08.,
81,24.07.2019,,"29,5 %","14,5 %","23,0 %","7,0 %","8,5 %","11,5 %",–,–,"6,0 %",1.228,01.07.–11.07.,
82,21.06.2019,,"29,0 %","12,0 %","25,0 %","8,0 %","8,0 %","12,0 %",–,–,"6,0 %",1.273,01.06.–12.06.,
83,23.05.2019,,"30,0 %","17,5 %","17,0 %","9,0 %","8,5 %","13,0 %",–,–,"5,0 %",1.283,03.05.–16.05.,
84,18.04.2019,,"30,0 %","18,5 %","18,0 %","9,0 %","8,0 %","12,5 %",–,–,"4,0 %",1.305,01.04.–12.04.,
85,27.03.2019,,"30,0 %","18,0 %","19,0 %","8,5 %","8,5 %","12,0 %",–,–,"4,0 %",1.198,07.03.–21.03.,
86,19.02.2019,,"30,0 %","18,0 %","18,5 %","8,0 %","8,0 %","13,5 %",–,–,"4,0 %",1.222,01.02.–13.02.,
87,23.01.2019,,"31,5 %","16,5 %","18,0 %","8,5 %","8,5 %","13,0 %",–,–,"4,0 %",1.249,05.01.–17.01.,
88,20.12.2018,,"29,0 %","16,5 %","19,0 %","8,5 %","9,0 %","14,0 %",–,–,"4,0 %",1.295,01.12.–12.12.,
89,30.11.2018,,"28,0 %","17,0 %","19,0 %","9,5 %","9,0 %","13,5 %",–,–,"4,0 %",1.242,02.11.–15.11.,
90,18.10.2018,,"29,0 %","19,0 %","15,0 %","8,5 %","9,0 %","15,0 %",–,–,"4,5 %",1.259,28.09.–11.10.,
91,18.09.2018,,"31,5 %","19,5 %","12,5 %","8,5 %","9,0 %","15,0 %",–,–,"4,0 %",1.258,01.09.–13.09.,
92,15.08.2018,,"31,0 %","20,0 %","12,5 %","9,0 %","9,0 %","14,5 %",–,–,"4,0 %",1.295,27.07.–09.08.,
93,17.07.2018,,"30,5 %","20,0 %","12,0 %","9,5 %","9,0 %","15,0 %",–,–,"4,0 %",1.295,01.07.–12.07.,
94,20.06.2018,,"33,0 %","21,0 %","11,0 %","9,5 %","9,5 %","13,0 %",–,–,"3,0 %",1.279,01.06.–13.06.,
95,17.05.2018,,"34,0 %","20,0 %","11,0 %","9,0 %","10,0 %","11,5 %",–,–,"4,5 %",1.253,24.04.–08.05.,
96,25.04.2018,,"34,0 %","20,5 %","11,0 %","10,0 %","9,0 %","12,0 %",–,–,"3,5 %",1.279,03.04.–17.04.,
97,21.03.2018,,"34,0 %","19,0 %","11,0 %","10,0 %","10,0 %","12,5 %",–,–,"3,5 %",1.256,02.03.–15.03.,
98,23.02.2018,,"32,0 %","17,5 %","12,0 %","11,0 %","9,5 %","13,0 %",–,–,"5,0 %",1.271,02.02.–15.02.,
99,25.01.2018,,"34,0 %","21,0 %","10,5 %","10,0 %","8,5 %","12,0 %",–,–,"4,0 %",1.221,05.01.–18.01.,
100,21.12.2017,,"34,0 %","21,0 %","11,5 %","10,0 %","9,0 %","11,0 %",–,–,"3,5 %",1.443,01.12.–14.12.,
101,30.11.2017,,"33,0 %","21,5 %","11,0 %","10,0 %","9,0 %","11,0 %",–,–,"4,5 %",1.299,22.11.–27.11.,
102,25.10.2017,,"33,0 %","20,5 %","9,5 %","12,0 %","9,0 %","12,0 %",-,–,"4,0 %",1.454,07.10.–19.10.,
103,22.09.2017,,"36,0 %","22,0 %","8,0 %","10,5 %","9,5 %","10,0 %",,,"4,0 %",1.074,13.09.–20.09.,
104,19.09.2017,,"36,5 %","22,0 %","8,0 %","11,0 %","9,0 %","10,0 %",,,"3,5 %",1.083,06.09.–14.09.,
105,06.09.2017,,"38,5 %","24,0 %","7,5 %","10,0 %","8,0 %","8,0 %",,,"4,0 %",1.043,22.08.–31.08.,
106,22.08.2017,,"39,5 %","24,0 %","7,5 %","10,0 %","8,0 %","7,0 %",,,"4,0 %",1.421,04.08.–17.08.,
107,18.07.2017,,"39,5 %","25,0 %","7,0 %","9,0 %","9,0 %","7,0 %",,,"3,5 %",1.403,01.07.–12.07.,
108,20.06.2017,,"40,0 %","24,0 %","7,0 %","10,5 %","8,5 %","6,5 %",,,"3,5 %",1.437,01.06.–15.06.,
109,26.05.2017,,"37,0 %","26,0 %","8,0 %","9,0 %","8,0 %","8,0 %",,,"4,0 %",1.457,05.05.–19.05.,
110,25.04.2017,,"36,0 %","31,0 %","7,0 %","6,0 %","9,0 %","7,0 %",,,"4,0 %",1.407,01.04.–13.04.,
111,28.03.2017,,"34,0 %","33,0 %","7,5 %","6,5 %","8,0 %","7,0 %",,,"4,0 %",1.397,06.03.–19.03.,
112,22.02.2017,,"33,0 %","30,5 %","8,0 %","7,0 %","8,0 %","8,5 %",,,"5,0 %",1.542,01.02.–15.02.,
113,26.01.2017,,"36,0 %","23,0 %","9,0 %","7,0 %","9,5 %","11,5 %",,,"4,0 %",1.441,05.01.–19.01.,
114,22.12.2016,,"35,5 %","22,0 %","10,0 %","7,5 %","9,5 %","10,5 %",,,"5,0 %",1.459,01.12.–15.12.,
115,16.11.2016,,"34,0 %","23,0 %","11,0 %","7,5 %","9,0 %","10,5 %",,,"5,0 %",1.436,28.10.–10.11.,
116,20.10.2016,,"33,0 %","22,0 %","12,0 %","7,5 %","9,0 %","12,5 %",,,"4,0 %",1.458,01.10.–13.10.,
117,22.09.2016,,"33,5 %","24,0 %","11,0 %","7,0 %","7,0 %","12,5 %",,,"5,0 %",1.407,03.09.–15.09.,
118,24.08.2016,,"34,5 %","23,0 %","11,5 %","7,5 %","9,0 %","10,0 %",,,"4,5 %",1.496,03.08.–17.08.,
119,21.07.2016,,"35,5 %","22,5 %","12,0 %","7,0 %","9,5 %","9,5 %",,,"4,0 %",1.466,01.07.–14.07.,
120,15.06.2016,,"33,5 %","21,0 %","12,0 %","8,0 %","9,0 %","11,5 %",,,"5,0 %",1.396,27.05.–09.06.,
121,17.05.2016,,"33,5 %","21,0 %","11,5 %","8,0 %","9,0 %","12,5 %",,,"4,5 %",1.474,28.04.–12.05.,
122,20.04.2016,,"33,5 %","23,0 %","11,0 %","8,0 %","9,0 %","10,5 %",,,"5,0 %",1.388,01.04.–14.04.,
123,18.03.2016,,"35,0 %","24,5 %","10,0 %","7,0 %","9,0 %","10,5 %",,,"4,0 %",1.456,26.02.–10.03.,
124,17.02.2016,,"33,5 %","24,0 %","10,0 %","7,0 %","10,0 %","10,5 %",,,"5,0 %",1.521,01.02.–11.02.,
125,26.01.2016,,"35,0 %","25,0 %","9,0 %","6,5 %","9,5 %","10,0 %",,,"5,0 %",1.431,07.01.–21.01.,
126,16.12.2015,,"38,0 %","26,0 %","9,5 %","5,0 %","8,5 %","8,0 %",,,"5,0 %",1.457,28.11.–10.12.,
127,19.11.2015,,"37,5 %","26,0 %","9,5 %","5,5 %","9,5 %","7,0 %",,,"5,0 %",1.448,01.11.–11.11.,
128,20.10.2015,,"38,0 %","26,0 %","9,5 %","5,5 %","9,0 %","7,0 %",,,"5,0 %",≈1.400,03.10.–16.10.,
129,16.09.2015,,"42,0 %","25,5 %","9,5 %","6,0 %","8,5 %","3,5 %",,,"5,0 %",≈1.400,01.09.–12.09.,
130,19.08.2015,,"41,5 %","26,0 %","9,5 %","5,5 %","9,0 %","3,5 %",,,"5,0 %",≈1.400,01.08.–14.08.,
131,16.07.2015,,"40,5 %","25,5 %","10,0 %","5,5 %","9,5 %","4,0 %",,,"5,0 %",≈1.200,01.07.–13.07.,
132,18.06.2015,,"41,5 %","26,0 %","10,0 %","5,0 %","8,5 %","4,0 %",,,"5,0 %",≈1.400,01.06.–14.06.,
133,21.05.2015,,"41,5 %","25,5 %","9,5 %","5,0 %","9,0 %","5,0 %",,,"4,5 %",1.450,02.05.–08.05.,
134,16.04.2015,,"40,5 %","26,5 %","9,5 %","5,0 %","8,5 %","6,0 %",,,"4,0 %",1.430,28.03.–10.04.,
135,19.03.2015,,"41,5 %","26,0 %","9,5 %","5,0 %","8,0 %","6,0 %",,,"4,0 %",1.500,01.03.–12.03.,
136,19.02.2015,,"41,0 %","25,5 %","9,5 %","5,0 %","9,0 %","6,0 %",,,"4,0 %",1.400,01.02.–12.02.,
137,28.01.2015,,"41,5 %","25,0 %","10,5 %","4,0 %","8,5 %","6,0 %",,,"4,5 %",1.455,09.01.–23.01.,
138,17.12.2014,,"40,5 %","26,0 %","9,5 %","3,5 %","8,5 %","7,0 %",,,"5,0 %",1.505,01.12.–12.12.,
139,19.11.2014,,"40,5 %","27,0 %","9,5 %","3,5 %","8,0 %","6,5 %",,,"5,0 %",?,01.11.–13.11.,
140,21.10.2014,,"39,5 %","26,0 %","10,5 %","3,0 %","8,5 %","7,5 %",,,"5,0 %",?,04.10.–16.10.,
141,17.09.2014,,"41,0 %","25,5 %","10,0 %","4,0 %","8,5 %","6,5 %",,,"4,5 %",?,01.09.–11.09.,
142,20.08.2014,,"41,0 %","26,5 %","10,0 %","3,0 %","8,0 %","6,5 %",,,"5,0 %",?,21.07.–05.08.,
143,16.07.2014,,"40,5 %","25,0 %","11,0 %","3,5 %","8,5 %","6,0 %",,,"5,5 %",?,28.06.–11.07.,
144,20.06.2014,,"40,0 %","26,0 %","10,0 %","4,0 %","8,0 %","6,0 %",,,"6,0 %",?,28.05.–13.06.,
145,14.05.2014,,"39,5 %","26,0 %","10,5 %","5,0 %","8,0 %","5,5 %",,,"5,5 %",?,25.04.–09.05.,
146,16.04.2014,,"40,0 %","26,5 %","11,0 %","4,5 %","8,0 %","5,0 %",,,"5,0 %",1.571,28.03.–10.04.,
147,19.03.2014,,"40,5 %","25,0 %","10,0 %","5,0 %","9,0 %","5,0 %",,,"5,5 %",?,01.03.–13.03.,
148,20.02.2014,,"40,0 %","26,5 %","10,5 %","4,0 %","9,0 %","5,0 %",,,"5,0 %",?,01.02.–13.02.,
149,29.01.2014,,"40,0 %","26,0 %","10,0 %","5,0 %","8,5 %","5,0 %",,,"5,5 %",?,10.01.–23.01.,
150,19.12.2013,,"41,5 %","25,5 %","10,5 %","4,0 %","9,0 %","4,5 %",,,"5,0 %",?,01.12.–12.12.,
151,27.11.2013,,"40,0 %","26,5 %","10,0 %","4,0 %","9,5 %","5,0 %",,,"5,0 %",?,08.11.–21.11.,
152,23.10.2013,,"41,0 %","25,0 %","9,0 %","5,0 %","9,0 %","5,5 %",,,"5,5 %",?,01.10.–16.10.,
153,20.09.2013,,"39,5 %","27,0 %","9,0 %","5,5 %","9,0 %","4,5 %",,,"3,5 %",1.070,16.09.–19.09.,"2,0 %"
154,18.09.2013,,"39,0 %","26,0 %","11,0 %","6,0 %","9,0 %","3,5 %",,,"3,5 %",1.269,03.09.–13.09.,"2,0 %"
155,04.09.2013,,"40,0 %","25,0 %","12,5 %","6,0 %","7,5 %","3,0 %",,,"3,5 %",1.548,20.08.–31.08.,"2,5 %"
156,21.08.2013,,"39,0 %","24,5 %","13,5 %","7,0 %","7,0 %","3,0 %",,,"4,0 %",1.553,03.08.–15.08.,"2,0 %"
157,12.07.2013,,"40,0 %","25,5 %","12,5 %","6,5 %","6,0 %","3,5 %",,,"4,0 %",1.583,01.07.–11.07.,"2,0 %"
158,19.06.2013,,"38,0 %","26,0 %","14,0 %","6,0 %","7,0 %","3,0 %",,,"4,0 %",1.490,01.06.–14.06.,"2,0 %"
159,22.05.2013,,"39,0 %","27,0 %","13,0 %","6,0 %","6,0 %","3,5 %",,,"3,0 %",1.503,04.05.–17.05.,"2,5 %"
160,03.05.2013,,"38,5 %","26,0 %","15,0 %","5,5 %","6,0 %","3,5 %",,,"2,5 %",?.???,15.04.–30.04.,"3,0 %"
161,17.04.2013,,"38,5 %","28,0 %","15,0 %","5,0 %","7,0 %",–,,,"3,5 %",1.548,27.03.–12.04.,"3,0 %"
162,20.03.2013,,"39,5 %","26,5 %","15,5 %","6,0 %","6,0 %",–,,,"4,0 %",1.5??,01.03.–14.03.,"2,5 %"
163,20.02.2013,,"39,0 %","27,0 %","15,0 %","6,0 %","6,5 %",–,,,"3,5 %",,01.02.–14.02.,"3,0 %"
164,23.01.2013,,"39,0 %","28,0 %","14,0 %","5,0 %","7,0 %",–,,,"4,0 %",1.653,05.01.–18.01.,"3,0 %"
165,19.12.2012,,"37,5 %","30,0 %","14,0 %","4,5 %","6,5 %",–,,,"4,0 %",1.611,01.12.–13.12.,"3,5 %"
166,21.11.2012,,"37,5 %","31,0 %","12,5 %","4,0 %","6,5 %",–,,,"4,5 %",1.606,26.10.–08.11.,"4,0 %"
167,17.10.2012,,"35,5 %","31,0 %","14,0 %","4,5 %","6,0 %",–,,,"4,0 %",1.636,28.09.–12.10.,"5,0 %"
168,26.09.2012,,"34,0 %","30,0 %","14,0 %","5,5 %","6,5 %",–,,,"4,5 %",1.558,03.09.–17.09.,"5,5 %"
169,22.08.2012,,"35,0 %","28,0 %","15,0 %","5,5 %","6,0 %",–,,,"4,0 %",1.642,01.08.–13.08.,"6,5 %"
170,18.07.2012,,"36,0 %","27,0 %","14,0 %","6,0 %","6,0 %",–,,,"4,5 %",1.615,01.07.–12.07.,"6,5 %"
171,20.06.2012,,"34,0 %","28,0 %","15,5 %","5,5 %","5,0 %",–,,,"4,5 %",1.617,04.06.–15.06.,"7,5 %"
172,23.05.2012,,"35,5 %","30,0 %","14,0 %","4,5 %","5,5 %",–,,,"3,5 %",1.608,05.05.–19.05.,"7,0 %"
173,18.04.2012,,"34,5 %","28,0 %","14,0 %","3,5 %","7,0 %",–,,,"3,0 %",1.597,01.04.–13.04.,"10,0 %"
174,21.03.2012,,"35,0 %","30,0 %","16,0 %","3,5 %","7,0 %",–,,,"3,5 %",1.613,03.03.–15.03.,"5,0 %"
175,22.02.2012,,"36,0 %","28,0 %","15,5 %","4,5 %","7,5 %",–,,,"3,5 %",1.761,04.02.–16.02.,"5,0 %"
176,25.01.2012,,"35,0 %","29,0 %","16,5 %","4,0 %","7,0 %",–,,,"4,5 %",1.904,07.01.–21.01.,"4,0 %"
177,13.12.2011,,"34,0 %","30,0 %","16,0 %","4,0 %","7,0 %",–,,,"4,0 %",1.889,21.11.–04.12.,"5,0 %"
178,16.11.2011,,"32,0 %","30,0 %","17,0 %","4,5 %","8,0 %",–,,,"4,0 %",1.774,28.10.–11.11.,"4,5 %"
179,19.10.2011,,"31,0 %","30,5 %","17,5 %","4,5 %","7,5 %",–,,,"3,5 %",1.869,04.10.–16.10.,"5,5 %"
180,21.09.2011,,"33,5 %","28,5 %","19,0 %","5,0 %","8,0 %",–,,,"6,0 %",1.802,02.09.–16.09.,–
181,16.08.2011,,"33,0 %","29,0 %","20,0 %","4,5 %","7,5 %",–,,,"6,0 %",1.771,30.07.–13.08.,–
182,20.07.2011,,"34,0 %","27,0 %","20,0 %","5,5 %","7,5 %",–,,,"6,0 %",1.751,02.07.–15.07.,–
183,22.06.2011,,"34,5 %","27,5 %","21,0 %","4,5 %","7,0 %",–,,,"5,5 %",1.757,03.06.–18.06.,–
184,18.05.2011,,"33,0 %","27,0 %","22,0 %","5,5 %","6,5 %",–,,,"6,0 %",1.789,02.05.–14.05.,–
185,19.04.2011,,"32,0 %","28,0 %","23,0 %","5,0 %","7,0 %",–,,,"5,0 %",1.740,01.04.–16.04.,–
186,16.03.2011,,"36,5 %","29,0 %","15,0 %","6,5 %","8,0 %",–,,,"5,0 %",1.811,26.02.–13.03.,–
187,23.02.2011,,"36,0 %","28,5 %","16,5 %","6,5 %","7,5 %",–,,,"5,0 %",1.803,04.02.–17.02.,–
188,25.01.2011,,"34,5 %","27,5 %","18,0 %","5,5 %","8,5 %",–,,,"6,0 %",1.861,07.01.–21.01.,–
189,21.12.2010,,"34,0 %","28,5 %","18,5 %","6,0 %","8,0 %",–,,,"5,0 %",1.852,27.11.–10.12.,–
190,24.11.2010,,"32,0 %","27,5 %","19,5 %","6,0 %","9,0 %",–,,,"6,0 %",1.837,06.11.–18.11.,–
191,20.10.2010,,"30,5 %","28,0 %","20,5 %","5,5 %","9,5 %",–,,,"6,0 %",1.786,01.10.–14.10.,–
192,21.09.2010,,"32,5 %","29,5 %","18,5 %","6,5 %","8,0 %",–,,,"5,0 %",1.832,03.09.–16.09.,–
193,17.08.2010,,"31,0 %","32,0 %","17,0 %","6,0 %","8,5 %",–,,,"5,5 %",1.807,01.08.–12.08.,–
194,20.07.2010,,"31,5 %","31,5 %","15,5 %","6,5 %","9,5 %",–,,,"5,5 %",1.796,02.07.–15.07.,–
195,23.06.2010,,"32,0 %","29,0 %","15,5 %","7,0 %","11,0 %",–,,,"5,5 %",1.882,05.06.–17.06.,–
196,26.05.2010,,"32,0 %","28,5 %","14,5 %","8,5 %","10,0 %",–,,,"6,5 %",1.827,08.05.–20.05.,–
197,28.04.2010,,"35,0 %","27,5 %","13,5 %","9,0 %","9,5 %",–,,,"5,5 %",1.833,10.04.–23.04.,–
198,24.03.2010,,"36,0 %","25,5 %","13,0 %","9,0 %","11,0 %",–,,,"5,5 %",1.812,05.03.–17.03.,–
199,23.02.2010,,"37,0 %","23,5 %","13,5 %","10,5 %","10,5 %",–,,,"5,0 %",1.816,05.02.–19.02.,–
200,27.01.2010,,"34,5 %","25,0 %","11,5 %","13,0 %","11,0 %",–,,,"5,0 %",1.849,07.01.–21.01.,–
201,16.12.2009,,"34,5 %","24,0 %","11,0 %","13,5 %","12,0 %",–,,,"5,0 %",1.788,28.11.–11.12.,–
202,25.11.2009,,"35,5 %","23,0 %","11,0 %","14,0 %","11,5 %",–,,,"5,0 %",1.792,07.11.–19.11.,–
203,28.10.2009,,"35,0 %","23,0 %","10,5 %","14,0 %","12,0 %",–,,,"5,5 %",1.834,12.10.–22.10.,–
204,22.09.2009,,"35,0 %","24,0 %","11,0 %","13,5 %","11,5 %",,,,"5,0 %",1.200,14.09.–21.09.,
205,15.09.2009,,"36,0 %","22,5 %","12,0 %","12,5 %","12,0 %",,,,"5,0 %",,02.09.–10.09.,
206,09.09.2009,,"35,0 %","22,5 %","13,0 %","13,0 %","11,5 %",,,,"5,0 %",,26.08.–02.09.,
207,01.09.2009,,"35,5 %","23,0 %","13,5 %","14,0 %","9,5 %",,,,"4,5 %",,19.08.–26.08.,
208,18.08.2009,,"36,5 %","23,0 %","13,0 %","14,5 %","9,0 %",,,,"4,0 %",,01.08.–12.08.,
209,21.07.2009,,"36,5 %","24,0 %","12,0 %","13,5 %","10,0 %",,,,"4,0 %",≈1.800,06.07.–17.07.,
210,16.06.2009,,"36,0 %","24,5 %","11,5 %","14,5 %","9,5 %",,,,"4,0 %",≈2.000,29.05.–11.06.,
211,19.05.2009,,"36,5 %","26,0 %","10,5 %","13,5 %","9,5 %",,,,"4,0 %",,02.05.–14.05.,
212,21.04.2009,,"37,5 %","24,5 %","10,5 %","13,5 %","10,0 %",,,,"4,0 %",,03.04.–17.04.,
213,24.03.2009,,"34,8 %","26,1 %","10,5 %","14,5 %","10,0 %",,,,"4,1 %",≈2.000,01.03.–14.03.,
214,24.02.2009,,"35,6 %","24,7 %","11,0 %","14,8 %","10,8 %",,,,"3,1 %",≈2.000,09.02.–18.02.,
215,27.01.2009,,"36,1 %","26,9 %","9,6 %","12,1 %","11,5 %",,,,"3,8 %",≈2.000,10.01.–22.01.,
216,17.12.2008,,"36,9 %","25,9 %","9,7 %","11,3 %","12,5 %",,,,"3,7 %",,01.12.–11.12.,
217,19.11.2008,,"36,1 %","26,6 %","10,8 %","11,2 %","11,3 %",,,,"4,0 %",,01.11.–12.11.,
218,21.10.2008,,"35,5 %","25,8 %","10,3 %","12,2 %","12,6 %",,,,"3,6 %",,04.10.–16.10.,
219,17.09.2008,,"36,2 %","26,6 %","10,3 %","11,3 %","11,5 %",,,,"4,1 %",,01.09.–11.09.,
220,19.08.2008,,"36,1 %","26,5 %","9,5 %","11,3 %","13,0 %",,,,"3,6 %",≈2.000,01.08.–14.08.,
221,22.07.2008,,"36,3 %","26,8 %","10,1 %","11,4 %","12,0 %",,,,"3,4 %",,07.07.–17.07.,
222,24.06.2008,,"35,0 %","25,6 %","10,7 %","11,9 %","12,8 %",,,,"4,0 %",≈2.000,07.06.–18.06.,
223,20.05.2008,,"35,2 %","28,2 %","9,7 %","11,3 %","11,9 %",,,,"3,7 %",≈2.000,03.05.–14.05.,
224,22.04.2008,,"36,4 %","26,8 %","10,6 %","11,0 %","11,7 %",,,,"3,5 %",,05.04.–17.04.,
225,18.03.2008,,"36,0 %","27,5 %","9,9 %","10,8 %","12,2 %",,,,"3,6 %",,01.03.–12.03.,
226,19.02.2008,,"34,8 %","28,3 %","8,9 %","11,8 %","11,8 %",,,,"4,4 %",≈2.000,01.02.–13.02.,
227,22.01.2008,,"37,0 %","29,0 %","9,3 %","11,1 %","9,8 %",,,,"3,8 %",,11.01.–20.01.,
228,18.12.2007,,"37,9 %","28,0 %","9,5 %","10,4 %","10,6 %",,,,"3,6 %",≈2.000,01.12.–11.12.,
229,14.11.2007,,"38,0 %","28,6 %","9,2 %","11,0 %","10,1 %",,,,"3,1 %",,26.10.–08.11.,
230,16.10.2007,,"37,7 %","27,1 %","10,0 %","10,0 %","11,5 %",,,,"3,7 %",,27.09.–09.10.,
231,19.09.2007,,"38,0 %","26,8 %","9,6 %","10,8 %","11,3 %",,,,"3,5 %",,01.09.–12.09.,
232,14.08.2007,,"36,8 %","27,1 %","10,3 %","10,5 %","11,1 %",,,,"4,2 %",≈2.000,26.07.–08.08.,
233,17.07.2007,,"37,0 %","28,3 %","9,7 %","9,4 %","12,5 %",,,,"3,1 %",≈2.000,28.06.–10.07.,
234,13.06.2007,,"35,0 %","29,2 %","10,3 %","10,5 %","10,3 %",,,,"4,7 %",,24.06.–06.06.,
235,16.05.2007,,"36,4 %","29,7 %","8,6 %","12,5 %","9,3 %",,,,"3,5 %",,27.04.–09.05.,
236,17.04.2007,,"36,7 %","30,7 %","8,4 %","11,5 %","10,4 %",,,,"2,3 %",,30.03.–14.04.,
237,21.03.2007,,"35,1 %","30,0 %","10,6 %","11,4 %","9,6 %",,,,"3,3 %",,02.03.–14.03.,
238,21.02.2007,,"34,3 %","30,8 %","9,9 %","12,7 %","9,2 %",,,,"3,1 %",≈2.000,01.02.–13.02.,
239,23.01.2007,,"34,7 %","29,8 %","10,1 %","12,4 %","9,9 %",,,,"3,1 %",≈1.800,05.01.–16.01.,
240,20.12.2006,,"33,6 %","30,4 %","9,9 %","12,4 %","9,7 %",,,,"4,0 %",2.077,01.12.–12.12.,
241,14.11.2006,,"31,2 %","30,1 %","10,4 %","13,3 %","10,2 %",,,,"4,8 %",,26.10.–08.11.,
242,17.10.2006,,"31,6 %","30,4 %","11,0 %","12,8 %","9,3 %",,,,"4,9 %",≈2.000,29.09.–11.10.,
243,20.09.2006,,"35,8 %","28,8 %","10,9 %","11,3 %","9,9 %",,,,"3,3 %",≈2.000,01.09.–13.09.,
244,16.08.2006,,"33,3 %","29,3 %","9,9 %","12,5 %","10,3 %",,,,"4,7 %",≈2.000,28.07.–09.08.,
245,19.07.2006,,"36,6 %","28,2 %","9,2 %","12,1 %","9,2 %",,,,"4,7 %",≈2.000,29.06.–11.07.,
246,21.06.2006,,"35,3 %","30,5 %","9,2 %","11,5 %","10,3 %",,,,"3,2 %",≈2.000,01.06.–13.06.,
247,17.05.2006,,"37,5 %","30,7 %","7,5 %","10,6 %","9,9 %",,,,"3,8 %",,28.04.–10.05.,
248,12.04.2006,,"37,5 %","30,2 %","8,3 %","10,6 %","9,3 %",,,,"4,1 %",2.099,24.03.–04.04.,
249,15.03.2006,,"38,3 %","30,3 %","8,1 %","11,0 %","9,4 %",,,,"2,9 %",2.065,23.02.–08.03.,
250,22.02.2006,,"37,2 %","31,9 %","7,9 %","9,8 %","9,4 %",,,,"3,8 %",2.046,03.02.–15.02.,
251,25.01.2006,,"37,8 %","30,8 %","8,4 %","9,8 %","8,7 %",,,,"4,5 %",1.988,05.01.–17.01.,
252,21.12.2005,,"36,3 %","32,6 %","8,2 %","10,3 %","9,1 %",,,,"3,5 %",2.052,01.12.–12.12.,
253,23.11.2005,,"35,7 %","32,6 %","8,0 %","10,7 %","8,9 %",,,,"4,1 %",,05.11.–16.11.,
254,19.10.2005,,"36,4 %","33,2 %","8,3 %","9,6 %","9,1 %",,,,"3,4 %",≈2.000,??.??.–11.10.,
255,16.09.2005,,"41,5 %","32,5 %","7,0 %","8,0 %","8,5 %",,,,"2,5 %",1.682,10.09.–15.09.,
256,13.09.2005,,"41,7 %","32,9 %","7,2 %","7,0 %","8,5 %",,,,"2,7 %",≈2.000,04.09.–12.09.,
257,09.09.2005,,"41,5 %","32,7 %","7,2 %","7,0 %","8,9 %",,,,"2,7 %",,,
258,02.09.2005,,"41,7 %","29,6 %","8,1 %","8,0 %","9,7 %",,,,"2,9 %",≈2.000,bis 31.08.,
259,27.08.2005,,"43,5 %","28,1 %","7,7 %","7,8 %","10,1 %",,,,"2,8 %",≈2.000,16.08.–24.08.,
260,23.08.2005,,"41,8 %","27,9 %","8,1 %","8,7 %","10,3 %",,,,"3,2 %",,08.08.–18.08.,
261,16.08.2005,,"41,9 %","27,9 %","8,0 %","8,4 %","10,5 %",,,,"3,3 %",,01.08.–12.08.,
262,19.07.2005,,"45,2 %","26,4 %","8,2 %","8,0 %","9,2 %",,,,"3,0 %",≈1.400,06.07.–13.07.,
263,15.06.2005,,"46,9 %","27,4 %","9,2 %","8,1 %","4,8 %",,,,"3,6 %",≈2.000,27.05.–08.06.,
264,18.05.2005,,"44,1 %","28,6 %","9,8 %","8,2 %","5,4 %",,,,"3,9 %",≈2.000,23.04.–08.05.,
265,20.04.2005,,"44,0 %","29,3 %","9,3 %","8,5 %","5,1 %",,,,"3,8 %",≈2.000,01.04.–12.04.,
266,16.03.2005,,"41,0 %","31,5 %","9,4 %","8,8 %","5,1 %",,,,"4,2 %",≈2.000,25.02.–09.03.,
267,16.02.2005,,"37,2 %","32,9 %","11,1 %","8,8 %","5,7 %",,,,"4,3 %",≈2.000,27.01.–08.02.,
268,26.01.2005,,"38,9 %","30,6 %","11,1 %","8,6 %","6,1 %",,,,"4,7 %",2.063,06.01.–18.01.,
269,15.12.2004,,"39,7 %","30,1 %","11,9 %","8,4 %","6,0 %",,,,"3,9 %",2.063,29.11.–08.12.,
270,18.11.2004,,"38,9 %","30,9 %","10,9 %","8,8 %","5,8 %",,,,"4,7 %",2.033,28.10.–09.11.,
271,20.10.2004,,"41,5 %","27,0 %","12,1 %","8,4 %","6,3 %",,,,"4,7 %",,01.10.–12.10.,
272,15.09.2004,,"44,6 %","23,7 %","11,4 %","8,0 %","7,5 %",,,,"4,8 %",,26.08.–06.09.,
273,17.08.2004,,"42,9 %","25,3 %","11,3 %","8,2 %","7,4 %",,,,"4,9 %",≈2.000,30.07.–10.08.,
274,21.07.2004,,"44,2 %","24,2 %","12,2 %","8,5 %","6,0 %",,,,"4,9 %",2.114,01.07.–13.07.,
275,16.06.2004,,"45,9 %","25,0 %","10,8 %","7,9 %","5,4 %",,,,"5,0 %",>2.000,29.05.–09.06.,
276,19.05.2004,,"46,7 %","24,5 %","11,9 %","7,9 %","5,1 %",,,,"3,9 %",,28.04.–08.05.,
277,21.04.2004,,"47,1 %","24,5 %","11,5 %","8,3 %","5,3 %",,,,"3,3 %",,30.03.–13.04.,
278,17.03.2004,,"47,2 %","23,8 %","11,9 %","8,1 %","4,8 %",,,,"4,2 %",≈2.000,28.02.–10.03.,
279,18.02.2004,,"47,8 %","24,2 %","10,4 %","8,4 %","5,2 %",,,,"4,0 %",,30.01.–10.02.,
280,28.01.2004,,"46,9 %","25,3 %","10,6 %","7,9 %","5,2 %",,,,"4,1 %",≈2.000,10.01.–20.01.,
281,17.12.2003,,"47,4 %","25,5 %","11,4 %","7,8 %","4,8 %",,,,"3,1 %",≈2.000,01.12.–09.12.,
282,12.11.2003,,"46,9 %","26,1 %","11,1 %","7,4 %","4,8 %",,,,"3,7 %",,25.10.–05.11.,
283,15.10.2003,,"46,8 %","26,9 %","11,2 %","7,8 %","4,3 %",,,,"3,0 %",,27.09.–06.10.,
284,17.09.2003,,"43,7 %","30,8 %","9,7 %","7,9 %","4,6 %",,,,"3,3 %",,28.08.–09.09.,
285,20.08.2003,,"43,7 %","31,0 %","9,9 %","7,6 %","4,3 %",,,,"3,5 %",,01.08.–12.08.,
286,23.07.2003,,"42,9 %","30,6 %","10,0 %","7,8 %","4,4 %",,,,"4,3 %",,02.07.–12.07.,
287,18.06.2003,,"43,1 %","29,9 %","10,7 %","7,8 %","4,0 %",,,,"4,5 %",,01.06.–10.06.,
288,14.05.2003,,"43,9 %","29,4 %","11,3 %","8,9 %","4,2 %",,,,"2,3 %",,25.04.–07.05.,
289,16.04.2003,,"43,6 %","30,6 %","10,4 %","8,8 %","4,2 %",,,,"2,4 %",,28.03.–09.04.,
290,19.03.2003,,"46,3 %","27,4 %","10,9 %","8,8 %","4,2 %",,,,"2,4 %",,27.02.–11.03.,
291,19.02.2003,,"47,0 %","27,6 %","9,8 %","8,6 %","4,2 %",,,,"2,8 %",,01.02.–11.02.,
292,29.01.2003,,"45,0 %","31,4 %","8,3 %","8,3 %","4,4 %",,,,"2,6 %",,11.01.–20.01.,
293,18.12.2002,,"47,6 %","26,4 %","10,5 %","7,3 %","5,0 %",,,,"3,2 %",,11.01.–10.12.,
294,15.11.2002,,"44,1 %","32,3 %","9,4 %","6,8 %","4,0 %",,,,"3,4 %",≈2.000,02.11.–12.11.,
