statistics_code;statistics_label;time_code;time_label;time;1_variable_code;1_variable_label;1_variable_attribute_code;1_variable_attribute_label;value;value_unit;value_variable_code;value_variable_label;value_q
81000;Volkswirtschaftliche Gesamtrechnungen des Bundes;JAHR;Jahr;2016;DINSG;Deutschland insgesamt;DG;Deutschland;125,603;Mrd. EUR;EKM004;Primäreinkommen an die übrige Welt;e
81000;Volkswirtschaftliche Gesamtrechnungen des Bundes;JAHR;Jahr;2016;DINSG;Deutschland insgesamt;DG;Deutschland;103,296;Mrd. EUR;TRF003;Laufende Transfers an die übrige Welt;e
81000;Volkswirtschaftliche Gesamtrechnungen des Bundes;JAHR;Jahr;2016;DINSG;Deutschland insgesamt;DG;Deutschland;217,276;Mrd. EUR;EKM005;Primäreinkommen aus der übrigen Welt;e
81000;Volkswirtschaftliche Gesamtrechnungen des Bundes;JAHR;Jahr;2016;DINSG;Deutschland insgesamt;DG;Deutschland;279,519;Mrd. EUR;VGR030;Finanzierungssaldo;e
81000;Volkswirtschaftliche Gesamtrechnungen des Bundes;JAHR;Jahr;2016;DINSG;Deutschland insgesamt;DG;Deutschland;2686,664;Mrd. EUR;EKM007;Verfügbares Einkommen der Volkswirtschaft;e
81000;Volkswirtschaftliche Gesamtrechnungen des Bundes;JAHR;Jahr;2016;DINSG;Deutschland insgesamt;DG;Deutschland;2725,257;Mrd. EUR;NNE001;Nettonationaleinkommen;e
81000;Volkswirtschaftliche Gesamtrechnungen des Bundes;JAHR;Jahr;2016;DINSG;Deutschland insgesamt;DG;Deutschland;3286,883;Mrd. EUR;BNE001;Bruttonationaleinkommen;e
81000;Volkswirtschaftliche Gesamtrechnungen des Bundes;JAHR;Jahr;2016;DINSG;Deutschland insgesamt;DG;Deutschland;353,437;Mrd. EUR;VGR036;Sparen der Volkswirtschaft;e
81000;Volkswirtschaftliche Gesamtrechnungen des Bundes;JAHR;Jahr;2016;DINSG;Deutschland insgesamt;DG;Deutschland;64,703;Mrd. EUR;TRF004;Laufende Transfers aus der übrigen Welt;e
81000;Volkswirtschaftliche Gesamtrechnungen des Bundes;JAHR;Jahr;2016;DINSG;Deutschland insgesamt;DG;Deutschland;561,626;Mrd. EUR;ABS002;Abschreibungen;e
81000;Volkswirtschaftliche Gesamtrechnungen des Bundes;JAHR;Jahr;2016;DINSG;Deutschland insgesamt;DG;Deutschland;3195,21;Mrd. EUR;VGR014;Bruttoinlandsprodukt;e
81000;Volkswirtschaftliche Gesamtrechnungen des Bundes;JAHR;Jahr;2015;DINSG;Deutschland insgesamt;DG;Deutschland;130,576;Mrd. EUR;EKM004;Primäreinkommen an die übrige Welt;e
81000;Volkswirtschaftliche Gesamtrechnungen des Bundes;JAHR;Jahr;2015;DINSG;Deutschland insgesamt;DG;Deutschland;107,851;Mrd. EUR;TRF003;Laufende Transfers an die übrige Welt;e
81000;Volkswirtschaftliche Gesamtrechnungen des Bundes;JAHR;Jahr;2015;DINSG;Deutschland insgesamt;DG;Deutschland;191,459;Mrd. EUR;EKM005;Primäreinkommen aus der übrigen Welt;e
81000;Volkswirtschaftliche Gesamtrechnungen des Bundes;JAHR;Jahr;2015;DINSG;Deutschland insgesamt;DG;Deutschland;247,076;Mrd. EUR;VGR030;Finanzierungssaldo;e
81000;Volkswirtschaftliche Gesamtrechnungen des Bundes;JAHR;Jahr;2015;DINSG;Deutschland insgesamt;DG;Deutschland;2564,754;Mrd. EUR;EKM007;Verfügbares Einkommen der Volkswirtschaft;e
81000;Volkswirtschaftliche Gesamtrechnungen des Bundes;JAHR;Jahr;2015;DINSG;Deutschland insgesamt;DG;Deutschland;2602,73;Mrd. EUR;NNE001;Nettonationaleinkommen;e
81000;Volkswirtschaftliche Gesamtrechnungen des Bundes;JAHR;Jahr;2015;DINSG;Deutschland insgesamt;DG;Deutschland;3147,913;Mrd. EUR;BNE001;Bruttonationaleinkommen;e
81000;Volkswirtschaftliche Gesamtrechnungen des Bundes;JAHR;Jahr;2015;DINSG;Deutschland insgesamt;DG;Deutschland;308,506;Mrd. EUR;VGR036;Sparen der Volkswirtschaft;e
81000;Volkswirtschaftliche Gesamtrechnungen des Bundes;JAHR;Jahr;2015;DINSG;Deutschland insgesamt;DG;Deutschland;69,875;Mrd. EUR;TRF004;Laufende Transfers aus der übrigen Welt;e
81000;Volkswirtschaftliche Gesamtrechnungen des Bundes;JAHR;Jahr;2015;DINSG;Deutschland insgesamt;DG;Deutschland;545,183;Mrd. EUR;ABS002;Abschreibungen;e
81000;Volkswirtschaftliche Gesamtrechnungen des Bundes;JAHR;Jahr;2015;DINSG;Deutschland insgesamt;DG;Deutschland;3087,03;Mrd. EUR;VGR014;Bruttoinlandsprodukt;e
81000;Volkswirtschaftliche Gesamtrechnungen des Bundes;JAHR;Jahr;2014;DINSG;Deutschland insgesamt;DG;Deutschland;126,961;Mrd. EUR;EKM004;Primäreinkommen an die übrige Welt;e
81000;Volkswirtschaftliche Gesamtrechnungen des Bundes;JAHR;Jahr;2014;DINSG;Deutschland insgesamt;DG;Deutschland;99,078;Mrd. EUR;TRF003;Laufende Transfers an die übrige Welt;e
81000;Volkswirtschaftliche Gesamtrechnungen des Bundes;JAHR;Jahr;2014;DINSG;Deutschland insgesamt;DG;Deutschland;189,608;Mrd. EUR;EKM005;Primäreinkommen aus der übrigen Welt;e
81000;Volkswirtschaftliche Gesamtrechnungen des Bundes;JAHR;Jahr;2014;DINSG;Deutschland insgesamt;DG;Deutschland;217,199;Mrd. EUR;VGR030;Finanzierungssaldo;e
81000;Volkswirtschaftliche Gesamtrechnungen des Bundes;JAHR;Jahr;2014;DINSG;Deutschland insgesamt;DG;Deutschland;2481,241;Mrd. EUR;EKM007;Verfügbares Einkommen der Volkswirtschaft;e
81000;Volkswirtschaftliche Gesamtrechnungen des Bundes;JAHR;Jahr;2014;DINSG;Deutschland insgesamt;DG;Deutschland;2518,582;Mrd. EUR;NNE001;Nettonationaleinkommen;e
81000;Volkswirtschaftliche Gesamtrechnungen des Bundes;JAHR;Jahr;2014;DINSG;Deutschland insgesamt;DG;Deutschland;3047,117;Mrd. EUR;BNE001;Bruttonationaleinkommen;e
81000;Volkswirtschaftliche Gesamtrechnungen des Bundes;JAHR;Jahr;2014;DINSG;Deutschland insgesamt;DG;Deutschland;292,982;Mrd. EUR;VGR036;Sparen der Volkswirtschaft;e
81000;Volkswirtschaftliche Gesamtrechnungen des Bundes;JAHR;Jahr;2014;DINSG;Deutschland insgesamt;DG;Deutschland;61,737;Mrd. EUR;TRF004;Laufende Transfers aus der übrigen Welt;e
81000;Volkswirtschaftliche Gesamtrechnungen des Bundes;JAHR;Jahr;2014;DINSG;Deutschland insgesamt;DG;Deutschland;528,535;Mrd. EUR;ABS002;Abschreibungen;e
81000;Volkswirtschaftliche Gesamtrechnungen des Bundes;JAHR;Jahr;2014;DINSG;Deutschland insgesamt;DG;Deutschland;2984,47;Mrd. EUR;VGR014;Bruttoinlandsprodukt;e
81000;Volkswirtschaftliche Gesamtrechnungen des Bundes;JAHR;Jahr;2013;DINSG;Deutschland insgesamt;DG;Deutschland;124,987;Mrd. EUR;EKM004;Primäreinkommen an die übrige Welt;e
81000;Volkswirtschaftliche Gesamtrechnungen des Bundes;JAHR;Jahr;2013;DINSG;Deutschland insgesamt;DG;Deutschland;102,839;Mrd. EUR;TRF003;Laufende Transfers an die übrige Welt;e
81000;Volkswirtschaftliche Gesamtrechnungen des Bundes;JAHR;Jahr;2013;DINSG;Deutschland insgesamt;DG;Deutschland;192,322;Mrd. EUR;EKM005;Primäreinkommen aus der übrigen Welt;e
81000;Volkswirtschaftliche Gesamtrechnungen des Bundes;JAHR;Jahr;2013;DINSG;Deutschland insgesamt;DG;Deutschland;182,696;Mrd. EUR;VGR030;Finanzierungssaldo;e
81000;Volkswirtschaftliche Gesamtrechnungen des Bundes;JAHR;Jahr;2013;DINSG;Deutschland insgesamt;DG;Deutschland;2377,276;Mrd. EUR;EKM007;Verfügbares Einkommen der Volkswirtschaft;e
81000;Volkswirtschaftliche Gesamtrechnungen des Bundes;JAHR;Jahr;2013;DINSG;Deutschland insgesamt;DG;Deutschland;2420,899;Mrd. EUR;NNE001;Nettonationaleinkommen;e
81000;Volkswirtschaftliche Gesamtrechnungen des Bundes;JAHR;Jahr;2013;DINSG;Deutschland insgesamt;DG;Deutschland;2933,815;Mrd. EUR;BNE001;Bruttonationaleinkommen;e
81000;Volkswirtschaftliche Gesamtrechnungen des Bundes;JAHR;Jahr;2013;DINSG;Deutschland insgesamt;DG;Deutschland;243,552;Mrd. EUR;VGR036;Sparen der Volkswirtschaft;e
81000;Volkswirtschaftliche Gesamtrechnungen des Bundes;JAHR;Jahr;2013;DINSG;Deutschland insgesamt;DG;Deutschland;59,216;Mrd. EUR;TRF004;Laufende Transfers aus der übrigen Welt;e
81000;Volkswirtschaftliche Gesamtrechnungen des Bundes;JAHR;Jahr;2013;DINSG;Deutschland insgesamt;DG;Deutschland;512,916;Mrd. EUR;ABS002;Abschreibungen;e
81000;Volkswirtschaftliche Gesamtrechnungen des Bundes;JAHR;Jahr;2013;DINSG;Deutschland insgesamt;DG;Deutschland;2866,48;Mrd. EUR;VGR014;Bruttoinlandsprodukt;e
81000;Volkswirtschaftliche Gesamtrechnungen des Bundes;JAHR;Jahr;2012;DINSG;Deutschland insgesamt;DG;Deutschland;137,999;Mrd. EUR;EKM004;Primäreinkommen an die übrige Welt;e
81000;Volkswirtschaftliche Gesamtrechnungen des Bundes;JAHR;Jahr;2012;DINSG;Deutschland insgesamt;DG;Deutschland;88,865;Mrd. EUR;TRF003;Laufende Transfers an die übrige Welt;e
81000;Volkswirtschaftliche Gesamtrechnungen des Bundes;JAHR;Jahr;2012;DINSG;Deutschland insgesamt;DG;Deutschland;205,644;Mrd. EUR;EKM005;Primäreinkommen aus der übrigen Welt;e
81000;Volkswirtschaftliche Gesamtrechnungen des Bundes;JAHR;Jahr;2012;DINSG;Deutschland insgesamt;DG;Deutschland;194,629;Mrd. EUR;VGR030;Finanzierungssaldo;e
81000;Volkswirtschaftliche Gesamtrechnungen des Bundes;JAHR;Jahr;2012;DINSG;Deutschland insgesamt;DG;Deutschland;2333,08;Mrd. EUR;EKM007;Verfügbares Einkommen der Volkswirtschaft;e
81000;Volkswirtschaftliche Gesamtrechnungen des Bundes;JAHR;Jahr;2012;DINSG;Deutschland insgesamt;DG;Deutschland;2368,889;Mrd. EUR;NNE001;Nettonationaleinkommen;e
81000;Volkswirtschaftliche Gesamtrechnungen des Bundes;JAHR;Jahr;2012;DINSG;Deutschland insgesamt;DG;Deutschland;2866,925;Mrd. EUR;BNE001;Bruttonationaleinkommen;e
81000;Volkswirtschaftliche Gesamtrechnungen des Bundes;JAHR;Jahr;2012;DINSG;Deutschland insgesamt;DG;Deutschland;247,952;Mrd. EUR;VGR036;Sparen der Volkswirtschaft;e
81000;Volkswirtschaftliche Gesamtrechnungen des Bundes;JAHR;Jahr;2012;DINSG;Deutschland insgesamt;DG;Deutschland;53,056;Mrd. EUR;TRF004;Laufende Transfers aus der übrigen Welt;e
81000;Volkswirtschaftliche Gesamtrechnungen des Bundes;JAHR;Jahr;2012;DINSG;Deutschland insgesamt;DG;Deutschland;498,036;Mrd. EUR;ABS002;Abschreibungen;e
81000;Volkswirtschaftliche Gesamtrechnungen des Bundes;JAHR;Jahr;2012;DINSG;Deutschland insgesamt;DG;Deutschland;2799,28;Mrd. EUR;VGR014;Bruttoinlandsprodukt;e
81000;Volkswirtschaftliche Gesamtrechnungen des Bundes;JAHR;Jahr;2011;DINSG;Deutschland insgesamt;DG;Deutschland;150,629;Mrd. EUR;EKM004;Primäreinkommen an die übrige Welt;e
81000;Volkswirtschaftliche Gesamtrechnungen des Bundes;JAHR;Jahr;2011;DINSG;Deutschland insgesamt;DG;Deutschland;83,755;Mrd. EUR;TRF003;Laufende Transfers an die übrige Welt;e
81000;Volkswirtschaftliche Gesamtrechnungen des Bundes;JAHR;Jahr;2011;DINSG;Deutschland insgesamt;DG;Deutschland;221,289;Mrd. EUR;EKM005;Primäreinkommen aus der übrigen Welt;e
81000;Volkswirtschaftliche Gesamtrechnungen des Bundes;JAHR;Jahr;2011;DINSG;Deutschland insgesamt;DG;Deutschland;165,178;Mrd. EUR;VGR030;Finanzierungssaldo;e
81000;Volkswirtschaftliche Gesamtrechnungen des Bundes;JAHR;Jahr;2011;DINSG;Deutschland insgesamt;DG;Deutschland;2303,69;Mrd. EUR;EKM007;Verfügbares Einkommen der Volkswirtschaft;e
81000;Volkswirtschaftliche Gesamtrechnungen des Bundes;JAHR;Jahr;2011;DINSG;Deutschland insgesamt;DG;Deutschland;2336,795;Mrd. EUR;NNE001;Nettonationaleinkommen;e
81000;Volkswirtschaftliche Gesamtrechnungen des Bundes;JAHR;Jahr;2011;DINSG;Deutschland insgesamt;DG;Deutschland;2817,57;Mrd. EUR;BNE001;Bruttonationaleinkommen;e
81000;Volkswirtschaftliche Gesamtrechnungen des Bundes;JAHR;Jahr;2011;DINSG;Deutschland insgesamt;DG;Deutschland;274,307;Mrd. EUR;VGR036;Sparen der Volkswirtschaft;e
81000;Volkswirtschaftliche Gesamtrechnungen des Bundes;JAHR;Jahr;2011;DINSG;Deutschland insgesamt;DG;Deutschland;50,65;Mrd. EUR;TRF004;Laufende Transfers aus der übrigen Welt;e
81000;Volkswirtschaftliche Gesamtrechnungen des Bundes;JAHR;Jahr;2011;DINSG;Deutschland insgesamt;DG;Deutschland;480,775;Mrd. EUR;ABS002;Abschreibungen;e
81000;Volkswirtschaftliche Gesamtrechnungen des Bundes;JAHR;Jahr;2011;DINSG;Deutschland insgesamt;DG;Deutschland;2746,91;Mrd. EUR;VGR014;Bruttoinlandsprodukt;e
81000;Volkswirtschaftliche Gesamtrechnungen des Bundes;JAHR;Jahr;2010;DINSG;Deutschland insgesamt;DG;Deutschland;149,342;Mrd. EUR;EKM004;Primäreinkommen an die übrige Welt;e
81000;Volkswirtschaftliche Gesamtrechnungen des Bundes;JAHR;Jahr;2010;DINSG;Deutschland insgesamt;DG;Deutschland;79,835;Mrd. EUR;TRF003;Laufende Transfers an die übrige Welt;e
81000;Volkswirtschaftliche Gesamtrechnungen des Bundes;JAHR;Jahr;2010;DINSG;Deutschland insgesamt;DG;Deutschland;201,862;Mrd. EUR;EKM005;Primäreinkommen aus der übrigen Welt;e
81000;Volkswirtschaftliche Gesamtrechnungen des Bundes;JAHR;Jahr;2010;DINSG;Deutschland insgesamt;DG;Deutschland;146,801;Mrd. EUR;VGR030;Finanzierungssaldo;e
81000;Volkswirtschaftliche Gesamtrechnungen des Bundes;JAHR;Jahr;2010;DINSG;Deutschland insgesamt;DG;Deutschland;2166,955;Mrd. EUR;EKM007;Verfügbares Einkommen der Volkswirtschaft;e
81000;Volkswirtschaftliche Gesamtrechnungen des Bundes;JAHR;Jahr;2010;DINSG;Deutschland insgesamt;DG;Deutschland;2203,136;Mrd. EUR;NNE001;Nettonationaleinkommen;e
81000;Volkswirtschaftliche Gesamtrechnungen des Bundes;JAHR;Jahr;2010;DINSG;Deutschland insgesamt;DG;Deutschland;2667,78;Mrd. EUR;BNE001;Bruttonationaleinkommen;e
81000;Volkswirtschaftliche Gesamtrechnungen des Bundes;JAHR;Jahr;2010;DINSG;Deutschland insgesamt;DG;Deutschland;196,004;Mrd. EUR;VGR036;Sparen der Volkswirtschaft;e
81000;Volkswirtschaftliche Gesamtrechnungen des Bundes;JAHR;Jahr;2010;DINSG;Deutschland insgesamt;DG;Deutschland;43,654;Mrd. EUR;TRF004;Laufende Transfers aus der übrigen Welt;e
81000;Volkswirtschaftliche Gesamtrechnungen des Bundes;JAHR;Jahr;2010;DINSG;Deutschland insgesamt;DG;Deutschland;464,644;Mrd. EUR;ABS002;Abschreibungen;e
81000;Volkswirtschaftliche Gesamtrechnungen des Bundes;JAHR;Jahr;2010;DINSG;Deutschland insgesamt;DG;Deutschland;2615,26;Mrd. EUR;VGR014;Bruttoinlandsprodukt;e
81000;Volkswirtschaftliche Gesamtrechnungen des Bundes;JAHR;Jahr;2019;DINSG;Deutschland insgesamt;DG;Deutschland;120,584;Mrd. EUR;EKM004;Primäreinkommen an die übrige Welt;e
81000;Volkswirtschaftliche Gesamtrechnungen des Bundes;JAHR;Jahr;2019;DINSG;Deutschland insgesamt;DG;Deutschland;126,434;Mrd. EUR;TRF003;Laufende Transfers an die übrige Welt;e
81000;Volkswirtschaftliche Gesamtrechnungen des Bundes;JAHR;Jahr;2019;DINSG;Deutschland insgesamt;DG;Deutschland;251,523;Mrd. EUR;EKM005;Primäreinkommen aus der übrigen Welt;e
81000;Volkswirtschaftliche Gesamtrechnungen des Bundes;JAHR;Jahr;2019;DINSG;Deutschland insgesamt;DG;Deutschland;271,656;Mrd. EUR;VGR030;Finanzierungssaldo;e
81000;Volkswirtschaftliche Gesamtrechnungen des Bundes;JAHR;Jahr;2019;DINSG;Deutschland insgesamt;DG;Deutschland;2976,964;Mrd. EUR;EKM007;Verfügbares Einkommen der Volkswirtschaft;e
81000;Volkswirtschaftliche Gesamtrechnungen des Bundes;JAHR;Jahr;2019;DINSG;Deutschland insgesamt;DG;Deutschland;3023,901;Mrd. EUR;NNE001;Nettonationaleinkommen;e
81000;Volkswirtschaftliche Gesamtrechnungen des Bundes;JAHR;Jahr;2019;DINSG;Deutschland insgesamt;DG;Deutschland;3668,219;Mrd. EUR;BNE001;Bruttonationaleinkommen;e
81000;Volkswirtschaftliche Gesamtrechnungen des Bundes;JAHR;Jahr;2019;DINSG;Deutschland insgesamt;DG;Deutschland;394,343;Mrd. EUR;VGR036;Sparen der Volkswirtschaft;e
81000;Volkswirtschaftliche Gesamtrechnungen des Bundes;JAHR;Jahr;2019;DINSG;Deutschland insgesamt;DG;Deutschland;79,497;Mrd. EUR;TRF004;Laufende Transfers aus der übrigen Welt;e
81000;Volkswirtschaftliche Gesamtrechnungen des Bundes;JAHR;Jahr;2019;DINSG;Deutschland insgesamt;DG;Deutschland;644,318;Mrd. EUR;ABS002;Abschreibungen;e
81000;Volkswirtschaftliche Gesamtrechnungen des Bundes;JAHR;Jahr;2019;DINSG;Deutschland insgesamt;DG;Deutschland;3537,28;Mrd. EUR;VGR014;Bruttoinlandsprodukt;e
81000;Volkswirtschaftliche Gesamtrechnungen des Bundes;JAHR;Jahr;2018;DINSG;Deutschland insgesamt;DG;Deutschland;120,896;Mrd. EUR;EKM004;Primäreinkommen an die übrige Welt;e
81000;Volkswirtschaftliche Gesamtrechnungen des Bundes;JAHR;Jahr;2018;DINSG;Deutschland insgesamt;DG;Deutschland;116,44;Mrd. EUR;TRF003;Laufende Transfers an die übrige Welt;e
81000;Volkswirtschaftliche Gesamtrechnungen des Bundes;JAHR;Jahr;2018;DINSG;Deutschland insgesamt;DG;Deutschland;255,968;Mrd. EUR;EKM005;Primäreinkommen aus der übrigen Welt;e
81000;Volkswirtschaftliche Gesamtrechnungen des Bundes;JAHR;Jahr;2018;DINSG;Deutschland insgesamt;DG;Deutschland;280,343;Mrd. EUR;VGR030;Finanzierungssaldo;e
81000;Volkswirtschaftliche Gesamtrechnungen des Bundes;JAHR;Jahr;2018;DINSG;Deutschland insgesamt;DG;Deutschland;2906,941;Mrd. EUR;EKM007;Verfügbares Einkommen der Volkswirtschaft;e
81000;Volkswirtschaftliche Gesamtrechnungen des Bundes;JAHR;Jahr;2018;DINSG;Deutschland insgesamt;DG;Deutschland;2954,49;Mrd. EUR;NNE001;Nettonationaleinkommen;e
81000;Volkswirtschaftliche Gesamtrechnungen des Bundes;JAHR;Jahr;2018;DINSG;Deutschland insgesamt;DG;Deutschland;3569,102;Mrd. EUR;BNE001;Bruttonationaleinkommen;e
81000;Volkswirtschaftliche Gesamtrechnungen des Bundes;JAHR;Jahr;2018;DINSG;Deutschland insgesamt;DG;Deutschland;417,919;Mrd. EUR;VGR036;Sparen der Volkswirtschaft;e
81000;Volkswirtschaftliche Gesamtrechnungen des Bundes;JAHR;Jahr;2018;DINSG;Deutschland insgesamt;DG;Deutschland;68,891;Mrd. EUR;TRF004;Laufende Transfers aus der übrigen Welt;e
81000;Volkswirtschaftliche Gesamtrechnungen des Bundes;JAHR;Jahr;2018;DINSG;Deutschland insgesamt;DG;Deutschland;614,612;Mrd. EUR;ABS002;Abschreibungen;e
81000;Volkswirtschaftliche Gesamtrechnungen des Bundes;JAHR;Jahr;2018;DINSG;Deutschland insgesamt;DG;Deutschland;3434,03;Mrd. EUR;VGR014;Bruttoinlandsprodukt;e
81000;Volkswirtschaftliche Gesamtrechnungen des Bundes;JAHR;Jahr;2017;DINSG;Deutschland insgesamt;DG;Deutschland;127,346;Mrd. EUR;EKM004;Primäreinkommen an die übrige Welt;e
81000;Volkswirtschaftliche Gesamtrechnungen des Bundes;JAHR;Jahr;2017;DINSG;Deutschland insgesamt;DG;Deutschland;114,843;Mrd. EUR;TRF003;Laufende Transfers an die übrige Welt;e
81000;Volkswirtschaftliche Gesamtrechnungen des Bundes;JAHR;Jahr;2017;DINSG;Deutschland insgesamt;DG;Deutschland;212,086;Mrd. EUR;EKM005;Primäreinkommen aus der übrigen Welt;e
81000;Volkswirtschaftliche Gesamtrechnungen des Bundes;JAHR;Jahr;2017;DINSG;Deutschland insgesamt;DG;Deutschland;256,059;Mrd. EUR;VGR030;Finanzierungssaldo;e
81000;Volkswirtschaftliche Gesamtrechnungen des Bundes;JAHR;Jahr;2017;DINSG;Deutschland insgesamt;DG;Deutschland;2784,495;Mrd. EUR;EKM007;Verfügbares Einkommen der Volkswirtschaft;e
81000;Volkswirtschaftliche Gesamtrechnungen des Bundes;JAHR;Jahr;2017;DINSG;Deutschland insgesamt;DG;Deutschland;2832,88;Mrd. EUR;NNE001;Nettonationaleinkommen;e
81000;Volkswirtschaftliche Gesamtrechnungen des Bundes;JAHR;Jahr;2017;DINSG;Deutschland insgesamt;DG;Deutschland;3417,85;Mrd. EUR;BNE001;Bruttonationaleinkommen;e
81000;Volkswirtschaftliche Gesamtrechnungen des Bundes;JAHR;Jahr;2017;DINSG;Deutschland insgesamt;DG;Deutschland;372,725;Mrd. EUR;VGR036;Sparen der Volkswirtschaft;e
81000;Volkswirtschaftliche Gesamtrechnungen des Bundes;JAHR;Jahr;2017;DINSG;Deutschland insgesamt;DG;Deutschland;66,458;Mrd. EUR;TRF004;Laufende Transfers aus der übrigen Welt;e
81000;Volkswirtschaftliche Gesamtrechnungen des Bundes;JAHR;Jahr;2017;DINSG;Deutschland insgesamt;DG;Deutschland;584,97;Mrd. EUR;ABS002;Abschreibungen;e
81000;Volkswirtschaftliche Gesamtrechnungen des Bundes;JAHR;Jahr;2017;DINSG;Deutschland insgesamt;DG;Deutschland;3333,11;Mrd. EUR;VGR014;Bruttoinlandsprodukt;e
81000;Volkswirtschaftliche Gesamtrechnungen des Bundes;JAHR;Jahr;2004;DINSG;Deutschland insgesamt;DG;Deutschland;128,59;Mrd. EUR;EKM004;Primäreinkommen an die übrige Welt;e
81000;Volkswirtschaftliche Gesamtrechnungen des Bundes;JAHR;Jahr;2004;DINSG;Deutschland insgesamt;DG;Deutschland;67,839;Mrd. EUR;TRF003;Laufende Transfers an die übrige Welt;e
81000;Volkswirtschaftliche Gesamtrechnungen des Bundes;JAHR;Jahr;2004;DINSG;Deutschland insgesamt;DG;Deutschland;142,402;Mrd. EUR;EKM005;Primäreinkommen aus der übrigen Welt;e
81000;Volkswirtschaftliche Gesamtrechnungen des Bundes;JAHR;Jahr;2004;DINSG;Deutschland insgesamt;DG;Deutschland;97,592;Mrd. EUR;VGR030;Finanzierungssaldo;e
81000;Volkswirtschaftliche Gesamtrechnungen des Bundes;JAHR;Jahr;2004;DINSG;Deutschland insgesamt;DG;Deutschland;1889,971;Mrd. EUR;EKM007;Verfügbares Einkommen der Volkswirtschaft;e
81000;Volkswirtschaftliche Gesamtrechnungen des Bundes;JAHR;Jahr;2004;DINSG;Deutschland insgesamt;DG;Deutschland;1918,767;Mrd. EUR;NNE001;Nettonationaleinkommen;e
81000;Volkswirtschaftliche Gesamtrechnungen des Bundes;JAHR;Jahr;2004;DINSG;Deutschland insgesamt;DG;Deutschland;2306,852;Mrd. EUR;BNE001;Bruttonationaleinkommen;e
81000;Volkswirtschaftliche Gesamtrechnungen des Bundes;JAHR;Jahr;2004;DINSG;Deutschland insgesamt;DG;Deutschland;146,924;Mrd. EUR;VGR036;Sparen der Volkswirtschaft;e
81000;Volkswirtschaftliche Gesamtrechnungen des Bundes;JAHR;Jahr;2004;DINSG;Deutschland insgesamt;DG;Deutschland;39,043;Mrd. EUR;TRF004;Laufende Transfers aus der übrigen Welt;e
81000;Volkswirtschaftliche Gesamtrechnungen des Bundes;JAHR;Jahr;2004;DINSG;Deutschland insgesamt;DG;Deutschland;388,085;Mrd. EUR;ABS002;Abschreibungen;e
81000;Volkswirtschaftliche Gesamtrechnungen des Bundes;JAHR;Jahr;2004;DINSG;Deutschland insgesamt;DG;Deutschland;2293,04;Mrd. EUR;VGR014;Bruttoinlandsprodukt;e
81000;Volkswirtschaftliche Gesamtrechnungen des Bundes;JAHR;Jahr;2005;DINSG;Deutschland insgesamt;DG;Deutschland;148,488;Mrd. EUR;EKM004;Primäreinkommen an die übrige Welt;e
81000;Volkswirtschaftliche Gesamtrechnungen des Bundes;JAHR;Jahr;2005;DINSG;Deutschland insgesamt;DG;Deutschland;73,027;Mrd. EUR;TRF003;Laufende Transfers an die übrige Welt;e
81000;Volkswirtschaftliche Gesamtrechnungen des Bundes;JAHR;Jahr;2005;DINSG;Deutschland insgesamt;DG;Deutschland;167,493;Mrd. EUR;EKM005;Primäreinkommen aus der übrigen Welt;e
81000;Volkswirtschaftliche Gesamtrechnungen des Bundes;JAHR;Jahr;2005;DINSG;Deutschland insgesamt;DG;Deutschland;101,072;Mrd. EUR;VGR030;Finanzierungssaldo;e
81000;Volkswirtschaftliche Gesamtrechnungen des Bundes;JAHR;Jahr;2005;DINSG;Deutschland insgesamt;DG;Deutschland;1918,932;Mrd. EUR;EKM007;Verfügbares Einkommen der Volkswirtschaft;e
81000;Volkswirtschaftliche Gesamtrechnungen des Bundes;JAHR;Jahr;2005;DINSG;Deutschland insgesamt;DG;Deutschland;1949,619;Mrd. EUR;NNE001;Nettonationaleinkommen;e
81000;Volkswirtschaftliche Gesamtrechnungen des Bundes;JAHR;Jahr;2005;DINSG;Deutschland insgesamt;DG;Deutschland;2344,715;Mrd. EUR;BNE001;Bruttonationaleinkommen;e
81000;Volkswirtschaftliche Gesamtrechnungen des Bundes;JAHR;Jahr;2005;DINSG;Deutschland insgesamt;DG;Deutschland;144,153;Mrd. EUR;VGR036;Sparen der Volkswirtschaft;e
81000;Volkswirtschaftliche Gesamtrechnungen des Bundes;JAHR;Jahr;2005;DINSG;Deutschland insgesamt;DG;Deutschland;42,34;Mrd. EUR;TRF004;Laufende Transfers aus der übrigen Welt;e
81000;Volkswirtschaftliche Gesamtrechnungen des Bundes;JAHR;Jahr;2005;DINSG;Deutschland insgesamt;DG;Deutschland;395,096;Mrd. EUR;ABS002;Abschreibungen;e
81000;Volkswirtschaftliche Gesamtrechnungen des Bundes;JAHR;Jahr;2005;DINSG;Deutschland insgesamt;DG;Deutschland;2325,71;Mrd. EUR;VGR014;Bruttoinlandsprodukt;e
81000;Volkswirtschaftliche Gesamtrechnungen des Bundes;JAHR;Jahr;2025;DINSG;Deutschland insgesamt;DG;Deutschland;275,28;Mrd. EUR;EKM004;Primäreinkommen an die übrige Welt;p
81000;Volkswirtschaftliche Gesamtrechnungen des Bundes;JAHR;Jahr;2025;DINSG;Deutschland insgesamt;DG;Deutschland;179,51;Mrd. EUR;TRF003;Laufende Transfers an die übrige Welt;p
81000;Volkswirtschaftliche Gesamtrechnungen des Bundes;JAHR;Jahr;2025;DINSG;Deutschland insgesamt;DG;Deutschland;425,544;Mrd. EUR;EKM005;Primäreinkommen aus der übrigen Welt;p
81000;Volkswirtschaftliche Gesamtrechnungen des Bundes;JAHR;Jahr;2025;DINSG;Deutschland insgesamt;DG;Deutschland;167,809;Mrd. EUR;VGR030;Finanzierungssaldo;p
81000;Volkswirtschaftliche Gesamtrechnungen des Bundes;JAHR;Jahr;2025;DINSG;Deutschland insgesamt;DG;Deutschland;3649,286;Mrd. EUR;EKM007;Verfügbares Einkommen der Volkswirtschaft;p
81000;Volkswirtschaftliche Gesamtrechnungen des Bundes;JAHR;Jahr;2025;DINSG;Deutschland insgesamt;DG;Deutschland;3702,017;Mrd. EUR;NNE001;Nettonationaleinkommen;p
81000;Volkswirtschaftliche Gesamtrechnungen des Bundes;JAHR;Jahr;2025;DINSG;Deutschland insgesamt;DG;Deutschland;4620,744;Mrd. EUR;BNE001;Bruttonationaleinkommen;p
81000;Volkswirtschaftliche Gesamtrechnungen des Bundes;JAHR;Jahr;2025;DINSG;Deutschland insgesamt;DG;Deutschland;267,456;Mrd. EUR;VGR036;Sparen der Volkswirtschaft;p
81000;Volkswirtschaftliche Gesamtrechnungen des Bundes;JAHR;Jahr;2025;DINSG;Deutschland insgesamt;DG;Deutschland;126,779;Mrd. EUR;TRF004;Laufende Transfers aus der übrigen Welt;p
81000;Volkswirtschaftliche Gesamtrechnungen des Bundes;JAHR;Jahr;2025;DINSG;Deutschland insgesamt;DG;Deutschland;918,727;Mrd. EUR;ABS002;Abschreibungen;p
81000;Volkswirtschaftliche Gesamtrechnungen des Bundes;JAHR;Jahr;2025;DINSG;Deutschland insgesamt;DG;Deutschland;4470,48;Mrd. EUR;VGR014;Bruttoinlandsprodukt;p
81000;Volkswirtschaftliche Gesamtrechnungen des Bundes;JAHR;Jahr;2002;DINSG;Deutschland insgesamt;DG;Deutschland;132,115;Mrd. EUR;EKM004;Primäreinkommen an die übrige Welt;e
81000;Volkswirtschaftliche Gesamtrechnungen des Bundes;JAHR;Jahr;2002;DINSG;Deutschland insgesamt;DG;Deutschland;69,755;Mrd. EUR;TRF003;Laufende Transfers an die übrige Welt;e
81000;Volkswirtschaftliche Gesamtrechnungen des Bundes;JAHR;Jahr;2002;DINSG;Deutschland insgesamt;DG;Deutschland;108,713;Mrd. EUR;EKM005;Primäreinkommen aus der übrigen Welt;e
81000;Volkswirtschaftliche Gesamtrechnungen des Bundes;JAHR;Jahr;2002;DINSG;Deutschland insgesamt;DG;Deutschland;33,294;Mrd. EUR;VGR030;Finanzierungssaldo;e
81000;Volkswirtschaftliche Gesamtrechnungen des Bundes;JAHR;Jahr;2002;DINSG;Deutschland insgesamt;DG;Deutschland;1794,563;Mrd. EUR;EKM007;Verfügbares Einkommen der Volkswirtschaft;e
81000;Volkswirtschaftliche Gesamtrechnungen des Bundes;JAHR;Jahr;2002;DINSG;Deutschland insgesamt;DG;Deutschland;1822,707;Mrd. EUR;NNE001;Nettonationaleinkommen;e
81000;Volkswirtschaftliche Gesamtrechnungen des Bundes;JAHR;Jahr;2002;DINSG;Deutschland insgesamt;DG;Deutschland;2199,958;Mrd. EUR;BNE001;Bruttonationaleinkommen;e
81000;Volkswirtschaftliche Gesamtrechnungen des Bundes;JAHR;Jahr;2002;DINSG;Deutschland insgesamt;DG;Deutschland;109,258;Mrd. EUR;VGR036;Sparen der Volkswirtschaft;e
81000;Volkswirtschaftliche Gesamtrechnungen des Bundes;JAHR;Jahr;2002;DINSG;Deutschland insgesamt;DG;Deutschland;41,611;Mrd. EUR;TRF004;Laufende Transfers aus der übrigen Welt;e
81000;Volkswirtschaftliche Gesamtrechnungen des Bundes;JAHR;Jahr;2002;DINSG;Deutschland insgesamt;DG;Deutschland;377,251;Mrd. EUR;ABS002;Abschreibungen;e
81000;Volkswirtschaftliche Gesamtrechnungen des Bundes;JAHR;Jahr;2002;DINSG;Deutschland insgesamt;DG;Deutschland;2223,36;Mrd. EUR;VGR014;Bruttoinlandsprodukt;e
81000;Volkswirtschaftliche Gesamtrechnungen des Bundes;JAHR;Jahr;2024;DINSG;Deutschland insgesamt;DG;Deutschland;282,212;Mrd. EUR;EKM004;Primäreinkommen an die übrige Welt;p
81000;Volkswirtschaftliche Gesamtrechnungen des Bundes;JAHR;Jahr;2024;DINSG;Deutschland insgesamt;DG;Deutschland;170,589;Mrd. EUR;TRF003;Laufende Transfers an die übrige Welt;p
81000;Volkswirtschaftliche Gesamtrechnungen des Bundes;JAHR;Jahr;2024;DINSG;Deutschland insgesamt;DG;Deutschland;431,343;Mrd. EUR;EKM005;Primäreinkommen aus der übrigen Welt;p
81000;Volkswirtschaftliche Gesamtrechnungen des Bundes;JAHR;Jahr;2024;DINSG;Deutschland insgesamt;DG;Deutschland;223,146;Mrd. EUR;VGR030;Finanzierungssaldo;p
81000;Volkswirtschaftliche Gesamtrechnungen des Bundes;JAHR;Jahr;2024;DINSG;Deutschland insgesamt;DG;Deutschland;3538,315;Mrd. EUR;EKM007;Verfügbares Einkommen der Volkswirtschaft;p
81000;Volkswirtschaftliche Gesamtrechnungen des Bundes;JAHR;Jahr;2024;DINSG;Deutschland insgesamt;DG;Deutschland;3589,734;Mrd. EUR;NNE001;Nettonationaleinkommen;p
81000;Volkswirtschaftliche Gesamtrechnungen des Bundes;JAHR;Jahr;2024;DINSG;Deutschland insgesamt;DG;Deutschland;4478,101;Mrd. EUR;BNE001;Bruttonationaleinkommen;p
81000;Volkswirtschaftliche Gesamtrechnungen des Bundes;JAHR;Jahr;2024;DINSG;Deutschland insgesamt;DG;Deutschland;303,571;Mrd. EUR;VGR036;Sparen der Volkswirtschaft;p
81000;Volkswirtschaftliche Gesamtrechnungen des Bundes;JAHR;Jahr;2024;DINSG;Deutschland insgesamt;DG;Deutschland;119,17;Mrd. EUR;TRF004;Laufende Transfers aus der übrigen Welt;p
81000;Volkswirtschaftliche Gesamtrechnungen des Bundes;JAHR;Jahr;2024;DINSG;Deutschland insgesamt;DG;Deutschland;888,367;Mrd. EUR;ABS002;Abschreibungen;p
81000;Volkswirtschaftliche Gesamtrechnungen des Bundes;JAHR;Jahr;2024;DINSG;Deutschland insgesamt;DG;Deutschland;4328,97;Mrd. EUR;VGR014;Bruttoinlandsprodukt;p
81000;Volkswirtschaftliche Gesamtrechnungen des Bundes;JAHR;Jahr;2003;DINSG;Deutschland insgesamt;DG;Deutschland;134,405;Mrd. EUR;EKM004;Primäreinkommen an die übrige Welt;e
81000;Volkswirtschaftliche Gesamtrechnungen des Bundes;JAHR;Jahr;2003;DINSG;Deutschland insgesamt;DG;Deutschland;80,595;Mrd. EUR;TRF003;Laufende Transfers an die übrige Welt;e
81000;Volkswirtschaftliche Gesamtrechnungen des Bundes;JAHR;Jahr;2003;DINSG;Deutschland insgesamt;DG;Deutschland;111,363;Mrd. EUR;EKM005;Primäreinkommen aus der übrigen Welt;e
81000;Volkswirtschaftliche Gesamtrechnungen des Bundes;JAHR;Jahr;2003;DINSG;Deutschland insgesamt;DG;Deutschland;33,591;Mrd. EUR;VGR030;Finanzierungssaldo;e
81000;Volkswirtschaftliche Gesamtrechnungen des Bundes;JAHR;Jahr;2003;DINSG;Deutschland insgesamt;DG;Deutschland;1807,207;Mrd. EUR;EKM007;Verfügbares Einkommen der Volkswirtschaft;e
81000;Volkswirtschaftliche Gesamtrechnungen des Bundes;JAHR;Jahr;2003;DINSG;Deutschland insgesamt;DG;Deutschland;1836,935;Mrd. EUR;NNE001;Nettonationaleinkommen;e
81000;Volkswirtschaftliche Gesamtrechnungen des Bundes;JAHR;Jahr;2003;DINSG;Deutschland insgesamt;DG;Deutschland;2217,768;Mrd. EUR;BNE001;Bruttonationaleinkommen;e
81000;Volkswirtschaftliche Gesamtrechnungen des Bundes;JAHR;Jahr;2003;DINSG;Deutschland insgesamt;DG;Deutschland;86,215;Mrd. EUR;VGR036;Sparen der Volkswirtschaft;e
81000;Volkswirtschaftliche Gesamtrechnungen des Bundes;JAHR;Jahr;2003;DINSG;Deutschland insgesamt;DG;Deutschland;50,867;Mrd. EUR;TRF004;Laufende Transfers aus der übrigen Welt;e
81000;Volkswirtschaftliche Gesamtrechnungen des Bundes;JAHR;Jahr;2003;DINSG;Deutschland insgesamt;DG;Deutschland;380,833;Mrd. EUR;ABS002;Abschreibungen;e
81000;Volkswirtschaftliche Gesamtrechnungen des Bundes;JAHR;Jahr;2003;DINSG;Deutschland insgesamt;DG;Deutschland;2240,81;Mrd. EUR;VGR014;Bruttoinlandsprodukt;e
81000;Volkswirtschaftliche Gesamtrechnungen des Bundes;JAHR;Jahr;2000;DINSG;Deutschland insgesamt;DG;Deutschland;134,06;Mrd. EUR;EKM004;Primäreinkommen an die übrige Welt;e
81000;Volkswirtschaftliche Gesamtrechnungen des Bundes;JAHR;Jahr;2000;DINSG;Deutschland insgesamt;DG;Deutschland;61,116;Mrd. EUR;TRF003;Laufende Transfers an die übrige Welt;e
81000;Volkswirtschaftliche Gesamtrechnungen des Bundes;JAHR;Jahr;2000;DINSG;Deutschland insgesamt;DG;Deutschland;121,39;Mrd. EUR;EKM005;Primäreinkommen aus der übrigen Welt;e
81000;Volkswirtschaftliche Gesamtrechnungen des Bundes;JAHR;Jahr;2000;DINSG;Deutschland insgesamt;DG;Deutschland;-41,956;Mrd. EUR;VGR030;Finanzierungssaldo;e
81000;Volkswirtschaftliche Gesamtrechnungen des Bundes;JAHR;Jahr;2000;DINSG;Deutschland insgesamt;DG;Deutschland;1729,898;Mrd. EUR;EKM007;Verfügbares Einkommen der Volkswirtschaft;e
81000;Volkswirtschaftliche Gesamtrechnungen des Bundes;JAHR;Jahr;2000;DINSG;Deutschland insgesamt;DG;Deutschland;1758,78;Mrd. EUR;NNE001;Nettonationaleinkommen;e
81000;Volkswirtschaftliche Gesamtrechnungen des Bundes;JAHR;Jahr;2000;DINSG;Deutschland insgesamt;DG;Deutschland;2116,99;Mrd. EUR;BNE001;Bruttonationaleinkommen;e
81000;Volkswirtschaftliche Gesamtrechnungen des Bundes;JAHR;Jahr;2000;DINSG;Deutschland insgesamt;DG;Deutschland;114,118;Mrd. EUR;VGR036;Sparen der Volkswirtschaft;e
81000;Volkswirtschaftliche Gesamtrechnungen des Bundes;JAHR;Jahr;2000;DINSG;Deutschland insgesamt;DG;Deutschland;32,234;Mrd. EUR;TRF004;Laufende Transfers aus der übrigen Welt;e
81000;Volkswirtschaftliche Gesamtrechnungen des Bundes;JAHR;Jahr;2000;DINSG;Deutschland insgesamt;DG;Deutschland;358,21;Mrd. EUR;ABS002;Abschreibungen;e
81000;Volkswirtschaftliche Gesamtrechnungen des Bundes;JAHR;Jahr;2000;DINSG;Deutschland insgesamt;DG;Deutschland;2129,66;Mrd. EUR;VGR014;Bruttoinlandsprodukt;e
81000;Volkswirtschaftliche Gesamtrechnungen des Bundes;JAHR;Jahr;2023;DINSG;Deutschland insgesamt;DG;Deutschland;271,214;Mrd. EUR;EKM004;Primäreinkommen an die übrige Welt;p
81000;Volkswirtschaftliche Gesamtrechnungen des Bundes;JAHR;Jahr;2023;DINSG;Deutschland insgesamt;DG;Deutschland;169,95;Mrd. EUR;TRF003;Laufende Transfers an die übrige Welt;p
81000;Volkswirtschaftliche Gesamtrechnungen des Bundes;JAHR;Jahr;2023;DINSG;Deutschland insgesamt;DG;Deutschland;407,89;Mrd. EUR;EKM005;Primäreinkommen aus der übrigen Welt;p
81000;Volkswirtschaftliche Gesamtrechnungen des Bundes;JAHR;Jahr;2023;DINSG;Deutschland insgesamt;DG;Deutschland;213,992;Mrd. EUR;VGR030;Finanzierungssaldo;p
81000;Volkswirtschaftliche Gesamtrechnungen des Bundes;JAHR;Jahr;2023;DINSG;Deutschland insgesamt;DG;Deutschland;3441,786;Mrd. EUR;EKM007;Verfügbares Einkommen der Volkswirtschaft;p
81000;Volkswirtschaftliche Gesamtrechnungen des Bundes;JAHR;Jahr;2023;DINSG;Deutschland insgesamt;DG;Deutschland;3498,136;Mrd. EUR;NNE001;Nettonationaleinkommen;p
81000;Volkswirtschaftliche Gesamtrechnungen des Bundes;JAHR;Jahr;2023;DINSG;Deutschland insgesamt;DG;Deutschland;4355,986;Mrd. EUR;BNE001;Bruttonationaleinkommen;p
81000;Volkswirtschaftliche Gesamtrechnungen des Bundes;JAHR;Jahr;2023;DINSG;Deutschland insgesamt;DG;Deutschland;318,073;Mrd. EUR;VGR036;Sparen der Volkswirtschaft;p
81000;Volkswirtschaftliche Gesamtrechnungen des Bundes;JAHR;Jahr;2023;DINSG;Deutschland insgesamt;DG;Deutschland;113,6;Mrd. EUR;TRF004;Laufende Transfers aus der übrigen Welt;p
81000;Volkswirtschaftliche Gesamtrechnungen des Bundes;JAHR;Jahr;2023;DINSG;Deutschland insgesamt;DG;Deutschland;857,85;Mrd. EUR;ABS002;Abschreibungen;p
81000;Volkswirtschaftliche Gesamtrechnungen des Bundes;JAHR;Jahr;2023;DINSG;Deutschland insgesamt;DG;Deutschland;4219,31;Mrd. EUR;VGR014;Bruttoinlandsprodukt;p
81000;Volkswirtschaftliche Gesamtrechnungen des Bundes;JAHR;Jahr;2001;DINSG;Deutschland insgesamt;DG;Deutschland;122,961;Mrd. EUR;EKM004;Primäreinkommen an die übrige Welt;e
81000;Volkswirtschaftliche Gesamtrechnungen des Bundes;JAHR;Jahr;2001;DINSG;Deutschland insgesamt;DG;Deutschland;69,082;Mrd. EUR;TRF003;Laufende Transfers an die übrige Welt;e
81000;Volkswirtschaftliche Gesamtrechnungen des Bundes;JAHR;Jahr;2001;DINSG;Deutschland insgesamt;DG;Deutschland;107,012;Mrd. EUR;EKM005;Primäreinkommen aus der übrigen Welt;e
81000;Volkswirtschaftliche Gesamtrechnungen des Bundes;JAHR;Jahr;2001;DINSG;Deutschland insgesamt;DG;Deutschland;-13,008;Mrd. EUR;VGR030;Finanzierungssaldo;e
81000;Volkswirtschaftliche Gesamtrechnungen des Bundes;JAHR;Jahr;2001;DINSG;Deutschland insgesamt;DG;Deutschland;1782,392;Mrd. EUR;EKM007;Verfügbares Einkommen der Volkswirtschaft;e
81000;Volkswirtschaftliche Gesamtrechnungen des Bundes;JAHR;Jahr;2001;DINSG;Deutschland insgesamt;DG;Deutschland;1809,874;Mrd. EUR;NNE001;Nettonationaleinkommen;e
81000;Volkswirtschaftliche Gesamtrechnungen des Bundes;JAHR;Jahr;2001;DINSG;Deutschland insgesamt;DG;Deutschland;2179,581;Mrd. EUR;BNE001;Bruttonationaleinkommen;e
81000;Volkswirtschaftliche Gesamtrechnungen des Bundes;JAHR;Jahr;2001;DINSG;Deutschland insgesamt;DG;Deutschland;120,949;Mrd. EUR;VGR036;Sparen der Volkswirtschaft;e
81000;Volkswirtschaftliche Gesamtrechnungen des Bundes;JAHR;Jahr;2001;DINSG;Deutschland insgesamt;DG;Deutschland;41,6;Mrd. EUR;TRF004;Laufende Transfers aus der übrigen Welt;e
81000;Volkswirtschaftliche Gesamtrechnungen des Bundes;JAHR;Jahr;2001;DINSG;Deutschland insgesamt;DG;Deutschland;369,707;Mrd. EUR;ABS002;Abschreibungen;e
81000;Volkswirtschaftliche Gesamtrechnungen des Bundes;JAHR;Jahr;2001;DINSG;Deutschland insgesamt;DG;Deutschland;2195,53;Mrd. EUR;VGR014;Bruttoinlandsprodukt;e
81000;Volkswirtschaftliche Gesamtrechnungen des Bundes;JAHR;Jahr;2022;DINSG;Deutschland insgesamt;DG;Deutschland;183,968;Mrd. EUR;EKM004;Primäreinkommen an die übrige Welt;p
81000;Volkswirtschaftliche Gesamtrechnungen des Bundes;JAHR;Jahr;2022;DINSG;Deutschland insgesamt;DG;Deutschland;164,588;Mrd. EUR;TRF003;Laufende Transfers an die übrige Welt;p
81000;Volkswirtschaftliche Gesamtrechnungen des Bundes;JAHR;Jahr;2022;DINSG;Deutschland insgesamt;DG;Deutschland;303,206;Mrd. EUR;EKM005;Primäreinkommen aus der übrigen Welt;p
81000;Volkswirtschaftliche Gesamtrechnungen des Bundes;JAHR;Jahr;2022;DINSG;Deutschland insgesamt;DG;Deutschland;131,357;Mrd. EUR;VGR030;Finanzierungssaldo;p
81000;Volkswirtschaftliche Gesamtrechnungen des Bundes;JAHR;Jahr;2022;DINSG;Deutschland insgesamt;DG;Deutschland;3252,774;Mrd. EUR;EKM007;Verfügbares Einkommen der Volkswirtschaft;p
81000;Volkswirtschaftliche Gesamtrechnungen des Bundes;JAHR;Jahr;2022;DINSG;Deutschland insgesamt;DG;Deutschland;3310,942;Mrd. EUR;NNE001;Nettonationaleinkommen;p
81000;Volkswirtschaftliche Gesamtrechnungen des Bundes;JAHR;Jahr;2022;DINSG;Deutschland insgesamt;DG;Deutschland;4108,628;Mrd. EUR;BNE001;Bruttonationaleinkommen;p
81000;Volkswirtschaftliche Gesamtrechnungen des Bundes;JAHR;Jahr;2022;DINSG;Deutschland insgesamt;DG;Deutschland;290,535;Mrd. EUR;VGR036;Sparen der Volkswirtschaft;p
81000;Volkswirtschaftliche Gesamtrechnungen des Bundes;JAHR;Jahr;2022;DINSG;Deutschland insgesamt;DG;Deutschland;106,42;Mrd. EUR;TRF004;Laufende Transfers aus der übrigen Welt;p
81000;Volkswirtschaftliche Gesamtrechnungen des Bundes;JAHR;Jahr;2022;DINSG;Deutschland insgesamt;DG;Deutschland;797,686;Mrd. EUR;ABS002;Abschreibungen;p
81000;Volkswirtschaftliche Gesamtrechnungen des Bundes;JAHR;Jahr;2022;DINSG;Deutschland insgesamt;DG;Deutschland;3989,39;Mrd. EUR;VGR014;Bruttoinlandsprodukt;p
81000;Volkswirtschaftliche Gesamtrechnungen des Bundes;JAHR;Jahr;2021;DINSG;Deutschland insgesamt;DG;Deutschland;125,786;Mrd. EUR;EKM004;Primäreinkommen an die übrige Welt;e
81000;Volkswirtschaftliche Gesamtrechnungen des Bundes;JAHR;Jahr;2021;DINSG;Deutschland insgesamt;DG;Deutschland;153,347;Mrd. EUR;TRF003;Laufende Transfers an die übrige Welt;e
81000;Volkswirtschaftliche Gesamtrechnungen des Bundes;JAHR;Jahr;2021;DINSG;Deutschland insgesamt;DG;Deutschland;248,918;Mrd. EUR;EKM005;Primäreinkommen aus der übrigen Welt;e
81000;Volkswirtschaftliche Gesamtrechnungen des Bundes;JAHR;Jahr;2021;DINSG;Deutschland insgesamt;DG;Deutschland;247,324;Mrd. EUR;VGR030;Finanzierungssaldo;e
81000;Volkswirtschaftliche Gesamtrechnungen des Bundes;JAHR;Jahr;2021;DINSG;Deutschland insgesamt;DG;Deutschland;3041,898;Mrd. EUR;EKM007;Verfügbares Einkommen der Volkswirtschaft;e
81000;Volkswirtschaftliche Gesamtrechnungen des Bundes;JAHR;Jahr;2021;DINSG;Deutschland insgesamt;DG;Deutschland;3096,606;Mrd. EUR;NNE001;Nettonationaleinkommen;e
81000;Volkswirtschaftliche Gesamtrechnungen des Bundes;JAHR;Jahr;2021;DINSG;Deutschland insgesamt;DG;Deutschland;3805,472;Mrd. EUR;BNE001;Bruttonationaleinkommen;e
81000;Volkswirtschaftliche Gesamtrechnungen des Bundes;JAHR;Jahr;2021;DINSG;Deutschland insgesamt;DG;Deutschland;382,998;Mrd. EUR;VGR036;Sparen der Volkswirtschaft;e
81000;Volkswirtschaftliche Gesamtrechnungen des Bundes;JAHR;Jahr;2021;DINSG;Deutschland insgesamt;DG;Deutschland;98,639;Mrd. EUR;TRF004;Laufende Transfers aus der übrigen Welt;e
81000;Volkswirtschaftliche Gesamtrechnungen des Bundes;JAHR;Jahr;2021;DINSG;Deutschland insgesamt;DG;Deutschland;708,866;Mrd. EUR;ABS002;Abschreibungen;e
81000;Volkswirtschaftliche Gesamtrechnungen des Bundes;JAHR;Jahr;2021;DINSG;Deutschland insgesamt;DG;Deutschland;3682,34;Mrd. EUR;VGR014;Bruttoinlandsprodukt;e
81000;Volkswirtschaftliche Gesamtrechnungen des Bundes;JAHR;Jahr;2020;DINSG;Deutschland insgesamt;DG;Deutschland;101,331;Mrd. EUR;EKM004;Primäreinkommen an die übrige Welt;e
81000;Volkswirtschaftliche Gesamtrechnungen des Bundes;JAHR;Jahr;2020;DINSG;Deutschland insgesamt;DG;Deutschland;134,636;Mrd. EUR;TRF003;Laufende Transfers an die übrige Welt;e
81000;Volkswirtschaftliche Gesamtrechnungen des Bundes;JAHR;Jahr;2020;DINSG;Deutschland insgesamt;DG;Deutschland;188,997;Mrd. EUR;EKM005;Primäreinkommen aus der übrigen Welt;e
81000;Volkswirtschaftliche Gesamtrechnungen des Bundes;JAHR;Jahr;2020;DINSG;Deutschland insgesamt;DG;Deutschland;203,212;Mrd. EUR;VGR030;Finanzierungssaldo;e
81000;Volkswirtschaftliche Gesamtrechnungen des Bundes;JAHR;Jahr;2020;DINSG;Deutschland insgesamt;DG;Deutschland;2821,371;Mrd. EUR;EKM007;Verfügbares Einkommen der Volkswirtschaft;e
81000;Volkswirtschaftliche Gesamtrechnungen des Bundes;JAHR;Jahr;2020;DINSG;Deutschland insgesamt;DG;Deutschland;2871,907;Mrd. EUR;NNE001;Nettonationaleinkommen;e
81000;Volkswirtschaftliche Gesamtrechnungen des Bundes;JAHR;Jahr;2020;DINSG;Deutschland insgesamt;DG;Deutschland;3538,386;Mrd. EUR;BNE001;Bruttonationaleinkommen;e
81000;Volkswirtschaftliche Gesamtrechnungen des Bundes;JAHR;Jahr;2020;DINSG;Deutschland insgesamt;DG;Deutschland;303,557;Mrd. EUR;VGR036;Sparen der Volkswirtschaft;e
81000;Volkswirtschaftliche Gesamtrechnungen des Bundes;JAHR;Jahr;2020;DINSG;Deutschland insgesamt;DG;Deutschland;84,1;Mrd. EUR;TRF004;Laufende Transfers aus der übrigen Welt;e
81000;Volkswirtschaftliche Gesamtrechnungen des Bundes;JAHR;Jahr;2020;DINSG;Deutschland insgesamt;DG;Deutschland;666,479;Mrd. EUR;ABS002;Abschreibungen;e
81000;Volkswirtschaftliche Gesamtrechnungen des Bundes;JAHR;Jahr;2020;DINSG;Deutschland insgesamt;DG;Deutschland;3450,72;Mrd. EUR;VGR014;Bruttoinlandsprodukt;e
81000;Volkswirtschaftliche Gesamtrechnungen des Bundes;JAHR;Jahr;2008;DINSG;Deutschland insgesamt;DG;Deutschland;174,15;Mrd. EUR;EKM004;Primäreinkommen an die übrige Welt;e
81000;Volkswirtschaftliche Gesamtrechnungen des Bundes;JAHR;Jahr;2008;DINSG;Deutschland insgesamt;DG;Deutschland;78,576;Mrd. EUR;TRF003;Laufende Transfers an die übrige Welt;e
81000;Volkswirtschaftliche Gesamtrechnungen des Bundes;JAHR;Jahr;2008;DINSG;Deutschland insgesamt;DG;Deutschland;198,868;Mrd. EUR;EKM005;Primäreinkommen aus der übrigen Welt;e
81000;Volkswirtschaftliche Gesamtrechnungen des Bundes;JAHR;Jahr;2008;DINSG;Deutschland insgesamt;DG;Deutschland;136,513;Mrd. EUR;VGR030;Finanzierungssaldo;e
81000;Volkswirtschaftliche Gesamtrechnungen des Bundes;JAHR;Jahr;2008;DINSG;Deutschland insgesamt;DG;Deutschland;2135,017;Mrd. EUR;EKM007;Verfügbares Einkommen der Volkswirtschaft;e
81000;Volkswirtschaftliche Gesamtrechnungen des Bundes;JAHR;Jahr;2008;DINSG;Deutschland insgesamt;DG;Deutschland;2169,961;Mrd. EUR;NNE001;Nettonationaleinkommen;e
81000;Volkswirtschaftliche Gesamtrechnungen des Bundes;JAHR;Jahr;2008;DINSG;Deutschland insgesamt;DG;Deutschland;2613,998;Mrd. EUR;BNE001;Bruttonationaleinkommen;e
81000;Volkswirtschaftliche Gesamtrechnungen des Bundes;JAHR;Jahr;2008;DINSG;Deutschland insgesamt;DG;Deutschland;236,332;Mrd. EUR;VGR036;Sparen der Volkswirtschaft;e
81000;Volkswirtschaftliche Gesamtrechnungen des Bundes;JAHR;Jahr;2008;DINSG;Deutschland insgesamt;DG;Deutschland;43,632;Mrd. EUR;TRF004;Laufende Transfers aus der übrigen Welt;e
81000;Volkswirtschaftliche Gesamtrechnungen des Bundes;JAHR;Jahr;2008;DINSG;Deutschland insgesamt;DG;Deutschland;444,037;Mrd. EUR;ABS002;Abschreibungen;e
81000;Volkswirtschaftliche Gesamtrechnungen des Bundes;JAHR;Jahr;2008;DINSG;Deutschland insgesamt;DG;Deutschland;2589,28;Mrd. EUR;VGR014;Bruttoinlandsprodukt;e
81000;Volkswirtschaftliche Gesamtrechnungen des Bundes;JAHR;Jahr;2009;DINSG;Deutschland insgesamt;DG;Deutschland;128,831;Mrd. EUR;EKM004;Primäreinkommen an die übrige Welt;e
81000;Volkswirtschaftliche Gesamtrechnungen des Bundes;JAHR;Jahr;2009;DINSG;Deutschland insgesamt;DG;Deutschland;73,662;Mrd. EUR;TRF003;Laufende Transfers an die übrige Welt;e
81000;Volkswirtschaftliche Gesamtrechnungen des Bundes;JAHR;Jahr;2009;DINSG;Deutschland insgesamt;DG;Deutschland;184,783;Mrd. EUR;EKM005;Primäreinkommen aus der übrigen Welt;e
81000;Volkswirtschaftliche Gesamtrechnungen des Bundes;JAHR;Jahr;2009;DINSG;Deutschland insgesamt;DG;Deutschland;139,935;Mrd. EUR;VGR030;Finanzierungssaldo;e
81000;Volkswirtschaftliche Gesamtrechnungen des Bundes;JAHR;Jahr;2009;DINSG;Deutschland insgesamt;DG;Deutschland;2062,898;Mrd. EUR;EKM007;Verfügbares Einkommen der Volkswirtschaft;e
81000;Volkswirtschaftliche Gesamtrechnungen des Bundes;JAHR;Jahr;2009;DINSG;Deutschland insgesamt;DG;Deutschland;2095,141;Mrd. EUR;NNE001;Nettonationaleinkommen;e
81000;Volkswirtschaftliche Gesamtrechnungen des Bundes;JAHR;Jahr;2009;DINSG;Deutschland insgesamt;DG;Deutschland;2549,922;Mrd. EUR;BNE001;Bruttonationaleinkommen;e
81000;Volkswirtschaftliche Gesamtrechnungen des Bundes;JAHR;Jahr;2009;DINSG;Deutschland insgesamt;DG;Deutschland;136,963;Mrd. EUR;VGR036;Sparen der Volkswirtschaft;e
81000;Volkswirtschaftliche Gesamtrechnungen des Bundes;JAHR;Jahr;2009;DINSG;Deutschland insgesamt;DG;Deutschland;41,419;Mrd. EUR;TRF004;Laufende Transfers aus der übrigen Welt;e
81000;Volkswirtschaftliche Gesamtrechnungen des Bundes;JAHR;Jahr;2009;DINSG;Deutschland insgesamt;DG;Deutschland;454,781;Mrd. EUR;ABS002;Abschreibungen;e
81000;Volkswirtschaftliche Gesamtrechnungen des Bundes;JAHR;Jahr;2009;DINSG;Deutschland insgesamt;DG;Deutschland;2493,97;Mrd. EUR;VGR014;Bruttoinlandsprodukt;e
81000;Volkswirtschaftliche Gesamtrechnungen des Bundes;JAHR;Jahr;2006;DINSG;Deutschland insgesamt;DG;Deutschland;168,48;Mrd. EUR;EKM004;Primäreinkommen an die übrige Welt;e
81000;Volkswirtschaftliche Gesamtrechnungen des Bundes;JAHR;Jahr;2006;DINSG;Deutschland insgesamt;DG;Deutschland;69,885;Mrd. EUR;TRF003;Laufende Transfers an die übrige Welt;e
81000;Volkswirtschaftliche Gesamtrechnungen des Bundes;JAHR;Jahr;2006;DINSG;Deutschland insgesamt;DG;Deutschland;209,143;Mrd. EUR;EKM005;Primäreinkommen aus der übrigen Welt;e
81000;Volkswirtschaftliche Gesamtrechnungen des Bundes;JAHR;Jahr;2006;DINSG;Deutschland insgesamt;DG;Deutschland;134,454;Mrd. EUR;VGR030;Finanzierungssaldo;e
81000;Volkswirtschaftliche Gesamtrechnungen des Bundes;JAHR;Jahr;2006;DINSG;Deutschland insgesamt;DG;Deutschland;2031,098;Mrd. EUR;EKM007;Verfügbares Einkommen der Volkswirtschaft;e
81000;Volkswirtschaftliche Gesamtrechnungen des Bundes;JAHR;Jahr;2006;DINSG;Deutschland insgesamt;DG;Deutschland;2061,257;Mrd. EUR;NNE001;Nettonationaleinkommen;e
81000;Volkswirtschaftliche Gesamtrechnungen des Bundes;JAHR;Jahr;2006;DINSG;Deutschland insgesamt;DG;Deutschland;2466,843;Mrd. EUR;BNE001;Bruttonationaleinkommen;e
81000;Volkswirtschaftliche Gesamtrechnungen des Bundes;JAHR;Jahr;2006;DINSG;Deutschland insgesamt;DG;Deutschland;213,347;Mrd. EUR;VGR036;Sparen der Volkswirtschaft;e
81000;Volkswirtschaftliche Gesamtrechnungen des Bundes;JAHR;Jahr;2006;DINSG;Deutschland insgesamt;DG;Deutschland;39,726;Mrd. EUR;TRF004;Laufende Transfers aus der übrigen Welt;e
81000;Volkswirtschaftliche Gesamtrechnungen des Bundes;JAHR;Jahr;2006;DINSG;Deutschland insgesamt;DG;Deutschland;405,586;Mrd. EUR;ABS002;Abschreibungen;e
81000;Volkswirtschaftliche Gesamtrechnungen des Bundes;JAHR;Jahr;2006;DINSG;Deutschland insgesamt;DG;Deutschland;2426,18;Mrd. EUR;VGR014;Bruttoinlandsprodukt;e
81000;Volkswirtschaftliche Gesamtrechnungen des Bundes;JAHR;Jahr;2007;DINSG;Deutschland insgesamt;DG;Deutschland;210,15;Mrd. EUR;EKM004;Primäreinkommen an die übrige Welt;e
81000;Volkswirtschaftliche Gesamtrechnungen des Bundes;JAHR;Jahr;2007;DINSG;Deutschland insgesamt;DG;Deutschland;73,118;Mrd. EUR;TRF003;Laufende Transfers an die übrige Welt;e
81000;Volkswirtschaftliche Gesamtrechnungen des Bundes;JAHR;Jahr;2007;DINSG;Deutschland insgesamt;DG;Deutschland;246,798;Mrd. EUR;EKM005;Primäreinkommen aus der übrigen Welt;e
81000;Volkswirtschaftliche Gesamtrechnungen des Bundes;JAHR;Jahr;2007;DINSG;Deutschland insgesamt;DG;Deutschland;166,391;Mrd. EUR;VGR030;Finanzierungssaldo;e
81000;Volkswirtschaftliche Gesamtrechnungen des Bundes;JAHR;Jahr;2007;DINSG;Deutschland insgesamt;DG;Deutschland;2121,805;Mrd. EUR;EKM007;Verfügbares Einkommen der Volkswirtschaft;e
81000;Volkswirtschaftliche Gesamtrechnungen des Bundes;JAHR;Jahr;2007;DINSG;Deutschland insgesamt;DG;Deutschland;2152,61;Mrd. EUR;NNE001;Nettonationaleinkommen;e
81000;Volkswirtschaftliche Gesamtrechnungen des Bundes;JAHR;Jahr;2007;DINSG;Deutschland insgesamt;DG;Deutschland;2578,868;Mrd. EUR;BNE001;Bruttonationaleinkommen;e
81000;Volkswirtschaftliche Gesamtrechnungen des Bundes;JAHR;Jahr;2007;DINSG;Deutschland insgesamt;DG;Deutschland;270,487;Mrd. EUR;VGR036;Sparen der Volkswirtschaft;e
81000;Volkswirtschaftliche Gesamtrechnungen des Bundes;JAHR;Jahr;2007;DINSG;Deutschland insgesamt;DG;Deutschland;42,313;Mrd. EUR;TRF004;Laufende Transfers aus der übrigen Welt;e
81000;Volkswirtschaftliche Gesamtrechnungen des Bundes;JAHR;Jahr;2007;DINSG;Deutschland insgesamt;DG;Deutschland;426,258;Mrd. EUR;ABS002;Abschreibungen;e
81000;Volkswirtschaftliche Gesamtrechnungen des Bundes;JAHR;Jahr;2007;DINSG;Deutschland insgesamt;DG;Deutschland;2542,22;Mrd. EUR;VGR014;Bruttoinlandsprodukt;e
