,date,CDU/CSU,SPD,GRÜNE,FDP,LINKE,AfD,FW,BSW,Sonstige,Befragte,Zeitraum,PIRATEN
0,08.01.2026,28 %,13 %,12 %,3 %,10 %,25 %,–,3 %,6 %,1.323,05.01.–07.01.,
1,04.12.2025,27 %,14 %,12 %,3 %,10 %,25 %,–,4 %,5 %,1.306,01.12.–03.12.,
2,06.11.2025,27 %,14 %,12 %,3 %,10 %,26 %,–,3 %,5 %,1.3,03.11.–05.11.,
3,02.10.2025,26 %,14 %,12 %,3 %,10 %,26 %,–,3 %,6 %,1.306,29.09.–01.10.,
4,03.09.2025,27 %,14 %,11 %,3 %,10 %,25 %,–,4 %,6 %,1.342,01.09.–02.09.,
5,07.08.2025,27 %,13 %,12 %,4 %,10 %,24 %,–,3 %,7 %,1.321,04.08.–06.08.,
6,03.07.2025,30 %,13 %,12 %,3 %,10 %,23 %,–,4 %,5 %,1.312,30.06.–02.07.,
7,04.06.2025,29 %,15 %,12 %,4 %,9 %,23 %,–,4 %,4 %,1.292,02.06.–03.06.,
8,07.05.2025,27 %,16 %,11 %,4 %,10 %,23 %,–,4 %,5 %,1.325,05.05.–06.05.,
9,03.04.2025,26 %,16 %,11 %,4 %,10 %,24 %,–,4 %,5 %,1.334,31.03.–02.04.,
10,06.03.2025,29 %,16 %,12 %,3 %,9 %,21 %,–,5 %,5 %,1.325,04.03.–05.03.,
11,13.02.2025,32 %,14 %,14 %,4 %,6 %,21 %,–,"4,5 %","4,5 %",1.579,10.02.–12.02.,
12,06.02.2025,31 %,15 %,14 %,4 %,5 %,21 %,–,4 %,6 %,1.302,03.02.–05.02.,
13,30.01.2025,30 %,15 %,15 %,4 %,5 %,20 %,–,4 %,7 %,1.336,27.01.–29.01.,
14,09.01.2025,31 %,15 %,14 %,4 %,4 %,20 %,–,5 %,7 %,1.323,06.01.–08.01.,
15,19.12.2024,33 %,14 %,14 %,3 %,3 %,19 %,–,5 %,9 %,1.336,16.12.–18.12.,
16,05.12.2024,32 %,16 %,14 %,4 %,3 %,18 %,–,5 %,8 %,1.307,02.12.–04.12.,
17,21.11.2024,33 %,14 %,14 %,4 %,3 %,19 %,–,6 %,7 %,1.318,18.11.–20.11.,
18,07.11.2024,34 %,16 %,12 %,5 %,–,18 %,–,6 %,9 %,1.065,07.11.–07.11.,
19,31.10.2024,34 %,16 %,11 %,4 %,–,17 %,–,6 %,12 %,1.333,28.10.–30.10.,
20,10.10.2024,31 %,16 %,13 %,3 %,3 %,17 %,3 %,8 %,6 %,1.321,07.10.–09.10.,
21,05.09.2024,33 %,15 %,11 %,4 %,3 %,17 %,–,8 %,9 %,1.309,03.09.–04.09.,
22,08.08.2024,32 %,15 %,12 %,5 %,–,16 %,–,9 %,11 %,1.311,05.08.–07.08.,
23,04.07.2024,31 %,14 %,13 %,5 %,3 %,17 %,–,8 %,9 %,1.294,01.07.–03.07.,
24,30.05.2024,31 %,15 %,14 %,4 %,3 %,18 %,3 %,5 %,7 %,1.479,27.05.–29.05.,
25,02.05.2024,31 %,15 %,15 %,5 %,–,18 %,–,5 %,11 %,1.28,29.04.–30.04.,
26,04.04.2024,30 %,15 %,15 %,4 %,3 %,18 %,3 %,5 %,7 %,1.304,02.04.–03.04.,
27,07.03.2024,29 %,16 %,14 %,5 %,3 %,19 %,–,6 %,8 %,1.288,04.03.–06.03.,
28,01.02.2024,30 %,16 %,14 %,4 %,3 %,19 %,–,5 %,9 %,1.303,29.01.–31.01.,
29,04.01.2024,31 %,14 %,13 %,5 %,4 %,22 %,3 %,–,8 %,1.321,02.01.–03.01.,
30,21.12.2023,32 %,14 %,14 %,5 %,3 %,21 %,4 %,–,7 %,1.21,18.12.–20.12.,
31,07.12.2023,32 %,14 %,15 %,4 %,3 %,21 %,3 %,–,8 %,1.364,04.12.–06.12.,
32,09.11.2023,30 %,15 %,15 %,5 %,4 %,21 %,3 %,–,7 %,1.195,07.11.–08.11.,
33,02.11.2023,30 %,16 %,14 %,4 %,5 %,22 %,3 %,–,6 %,1.314,30.10.–01.11.,
34,12.10.2023,29 %,15 %,13 %,5 %,4 %,23 %,4 %,–,7 %,1.203,10.10.–11.10.,
35,28.09.2023,28 %,16 %,14 %,6 %,4 %,22 %,3 %,–,7 %,1.302,25.09.–27.09.,
36,14.09.2023,28 %,16 %,15 %,7 %,4 %,22 %,–,–,8 %,1.222,12.09.–13.09.,
37,31.08.2023,29 %,16 %,14 %,6 %,4 %,22 %,–,–,9 %,1.31,28.08.–30.08.,
38,17.08.2023,27 %,17 %,14 %,7 %,4 %,21 %,–,–,10 %,1.216,15.08.–16.08.,
39,03.08.2023,27 %,17 %,15 %,7 %,4 %,21 %,–,–,9 %,1.297,31.07.–02.08.,
40,20.07.2023,28 %,18 %,13 %,7 %,4 %,20 %,–,–,10 %,1.235,18.07.–19.07.,
41,06.07.2023,28 %,18 %,14 %,7 %,4 %,20 %,–,–,9 %,1.305,03.07.–05.07.,
42,22.06.2023,29 %,17 %,15 %,6 %,4 %,19 %,–,–,10 %,1.191,20.06.–21.06.,
43,01.06.2023,29 %,18 %,15 %,7 %,4 %,18 %,–,–,9 %,1.302,30.05.–31.05.,
44,11.05.2023,28 %,18 %,16 %,8 %,5 %,16 %,–,–,9 %,1.22,09.05.–10.05.,
45,04.05.2023,30 %,17 %,16 %,7 %,5 %,16 %,–,–,9 %,1.36,02.05.–03.05.,
46,13.04.2023,29 %,19 %,17 %,7 %,4 %,15 %,–,–,9 %,1.204,11.04.–12.04.,
47,06.04.2023,30 %,18 %,17 %,7 %,4 %,15 %,–,–,9 %,1.304,03.04.–05.04.,
48,16.03.2023,30 %,18 %,16 %,7 %,5 %,15 %,–,–,9 %,1.215,14.03.–15.03.,
49,02.03.2023,31 %,18 %,17 %,6 %,5 %,14 %,–,–,9 %,1.311,27.02.–01.03.,
50,16.02.2023,29 %,19 %,17 %,6 %,5 %,15 %,–,–,9 %,1.216,14.02.–15.02.,
51,02.02.2023,27 %,20 %,18 %,7 %,4 %,15 %,–,–,9 %,1.328,30.01.–01.02.,
52,19.01.2023,29 %,19 %,19 %,6 %,4 %,14 %,–,–,9 %,1.211,17.01.–18.01.,
53,05.01.2023,29 %,18 %,19 %,6 %,5 %,15 %,–,–,8 %,1.314,02.01.–04.01.,
54,08.12.2022,29 %,18 %,18 %,6 %,5 %,15 %,–,–,9 %,1.259,06.12.–07.12.,
55,01.12.2022,30 %,18 %,18 %,5 %,5 %,15 %,–,–,9 %,1.318,28.11.–30.11.,
56,10.11.2022,28 %,18 %,19 %,7 %,4 %,14 %,–,–,10 %,1.225,08.11.–09.11.,
57,03.11.2022,28 %,19 %,19 %,6 %,5 %,14 %,–,–,9 %,1.307,31.10.–02.11.,
58,13.10.2022,26 %,19 %,20 %,6 %,5 %,15 %,–,–,9 %,1.225,11.10.–12.10.,
59,06.10.2022,28 %,17 %,19 %,7 %,5 %,15 %,–,–,9 %,1.307,03.10.–05.10.,
60,15.09.2022,28 %,17 %,21 %,7 %,5 %,14 %,–,–,8 %,1.224,13.09.–14.09.,
61,01.09.2022,27 %,17 %,22 %,8 %,5 %,13 %,–,–,8 %,1.324,29.08.–31.08.,
62,18.08.2022,28 %,18 %,23 %,7 %,4 %,12 %,–,–,8 %,1.273,16.08.–17.08.,
63,04.08.2022,28 %,17 %,23 %,7 %,4 %,13 %,–,–,8 %,1.313,01.08.–03.08.,
64,21.07.2022,27 %,19 %,22 %,7 %,4 %,12 %,–,–,9 %,1.21,19.07.–20.07.,
65,07.07.2022,27 %,19 %,23 %,8 %,4 %,11 %,–,–,8 %,1.327,04.07.–06.07.,
66,23.06.2022,26 %,20 %,23 %,8 %,4 %,12 %,–,–,7 %,1.248,21.06.–22.06.,
67,02.06.2022,27 %,21 %,21 %,8 %,4 %,11 %,–,–,8 %,1.337,30.05.–01.06.,
68,12.05.2022,26 %,22 %,20 %,8 %,4 %,11 %,–,–,9 %,1.226,10.05.–11.05.,
69,28.04.2022,26 %,24 %,18 %,9 %,3 %,11 %,–,–,9 %,1.314,25.04.–27.04.,
70,14.04.2022,26 %,24 %,18 %,8 %,4 %,11 %,–,–,9 %,1.226,11.04.–12.04.,
71,07.04.2022,25 %,24 %,19 %,9 %,4 %,11 %,–,–,8 %,1.325,04.04.–06.04.,
72,17.03.2022,26 %,25 %,17 %,9 %,4 %,11 %,–,–,8 %,1.254,15.03.–16.03.,
73,03.03.2022,26 %,25 %,16 %,9 %,5 %,11 %,–,–,8 %,1.32,28.02.–02.03.,
74,17.02.2022,26 %,24 %,15 %,9 %,5 %,12 %,–,–,9 %,1.202,15.02.–16.02.,
75,03.02.2022,27 %,22 %,16 %,10 %,5 %,12 %,–,–,8 %,1.339,31.01.–02.02.,
76,20.01.2022,24 %,25 %,16 %,10 %,5 %,12 %,–,–,8 %,1.424,18.01.–19.01.,
77,06.01.2022,23 %,26 %,16 %,11 %,5 %,11 %,–,–,8 %,1.325,03.01.–05.01.,
78,09.12.2021,23 %,26 %,16 %,12 %,5 %,11 %,–,–,7 %,1.266,07.12.–08.12.,
79,02.12.2021,23 %,25 %,17 %,12 %,5 %,11 %,–,–,7 %,1.316,29.11.–01.12.,
80,25.11.2021,21 %,25 %,17 %,13 %,5 %,11 %,–,–,8 %,1.239,23.11.–24.11.,
81,04.11.2021,21 %,27 %,16 %,13 %,5 %,10 %,–,–,8 %,1.329,02.11.–03.11.,
82,28.10.2021,22 %,26 %,16 %,13 %,4 %,10 %,–,–,9 %,1.239,26.10.–27.10.,
83,16.09.2021,22 %,26 %,15 %,11 %,6 %,11 %,3 %,–,6 %,1.512,13.09.–15.09.,
84,02.09.2021,20 %,25 %,16 %,13 %,6 %,12 %,–,–,8 %,1.337,30.08.–01.09.,
85,19.08.2021,23 %,21 %,17 %,13 %,7 %,11 %,–,–,8 %,1.219,17.08.–18.08.,
86,05.08.2021,27 %,18 %,19 %,12 %,6 %,10 %,–,–,8 %,1.312,02.08.–04.08.,
87,22.07.2021,29 %,16 %,19 %,12 %,6 %,10 %,–,–,8 %,1.188,20.07.–21.07.,
88,01.07.2021,28 %,15 %,20 %,11 %,7 %,11 %,–,–,8 %,1.317,28.06.–30.06.,
89,24.06.2021,28 %,15 %,21 %,11 %,6 %,12 %,3 %,–,4 %,1.217,22.06.–23.06.,
90,10.06.2021,28 %,14 %,20 %,12 %,7 %,12 %,–,–,7 %,1.316,07.06.–09.06.,
91,13.05.2021,24 %,15 %,25 %,12 %,7 %,11 %,–,–,6 %,1.198,10.05.–11.05.,
92,06.05.2021,23 %,14 %,26 %,11 %,6 %,12 %,3 %,–,5 %,1.351,03.05.–05.05.,
93,15.04.2021,28 %,15 %,21 %,11 %,7 %,11 %,–,–,7 %,1.174,13.04.–14.04.,
94,01.04.2021,27 %,16 %,22 %,9 %,7 %,11 %,–,–,8 %,1.348,29.03.–30.03.,
95,18.03.2021,29 %,17 %,20 %,9 %,7 %,11 %,–,–,7 %,1.207,15.03.–17.03.,
96,04.03.2021,33 %,16 %,20 %,7 %,7 %,11 %,–,–,6 %,1.296,01.03.–02.03.,
97,18.02.2021,33 %,16 %,20 %,8 %,6 %,11 %,–,–,6 %,1.025,15.02.–17.02.,
98,04.02.2021,34 %,15 %,21 %,8 %,6 %,10 %,–,–,6 %,1.503,01.02.–03.02.,
99,21.01.2021,34 %,15 %,21 %,7 %,6 %,10 %,–,–,7 %,1.027,18.01.–20.01.,
100,07.01.2021,35 %,14 %,21 %,7 %,7 %,10 %,–,–,6 %,1.52,04.01.–06.01.,
101,10.12.2020,36 %,16 %,20 %,6 %,7 %,9 %,–,–,6 %,1.004,07.12.–09.12.,
102,03.12.2020,36 %,15 %,21 %,6 %,7 %,10 %,–,–,5 %,1.507,30.11.–02.12.,
103,26.11.2020,35 %,15 %,21 %,7 %,7 %,11 %,–,–,4 %,1.047,24.11.–25.11.,
104,12.11.2020,36 %,15 %,20 %,6 %,7 %,10 %,–,–,6 %,1.504,09.11.–11.11.,
105,15.10.2020,35 %,15 %,20 %,6 %,7 %,11 %,–,–,6 %,1.038,12.10.–14.10.,
106,01.10.2020,35 %,15 %,21 %,6 %,8 %,10 %,–,–,5 %,1.501,28.09.–30.09.,
107,17.09.2020,36 %,16 %,20 %,5 %,8 %,10 %,–,–,5 %,1.051,15.09.–16.09.,
108,03.09.2020,36 %,17 %,19 %,6 %,7 %,10 %,–,–,5 %,1.527,31.08.–02.09.,
109,20.08.2020,37 %,16 %,17 %,6 %,8 %,10 %,–,–,6 %,1.065,18.08.–19.08.,
110,06.08.2020,38 %,15 %,18 %,6 %,7 %,11 %,–,–,5 %,1.511,03.08.–05.08.,
111,23.07.2020,37 %,14 %,20 %,5 %,7 %,11 %,–,–,6 %,1.064,21.07.–22.07.,
112,02.07.2020,37 %,16 %,20 %,5 %,7 %,10 %,–,–,5 %,1.503,29.06.–01.07.,
113,25.06.2020,37 %,16 %,20 %,5 %,7 %,10 %,–,–,5 %,1.068,23.06.–24.06.,
114,04.06.2020,38 %,15 %,19 %,6 %,8 %,9 %,–,–,5 %,1.505,02.06.–03.06.,
115,14.05.2020,38 %,15 %,18 %,6 %,7 %,10 %,–,–,6 %,1.074,12.05.–13.05.,
116,07.05.2020,39 %,16 %,18 %,5 %,8 %,9 %,–,–,5 %,1.503,04.05.–06.05.,
117,16.04.2020,38 %,17 %,19 %,5 %,7 %,9 %,–,–,5 %,1.057,14.04.–15.04.,
118,02.04.2020,34 %,16 %,22 %,5 %,7 %,10 %,–,–,6 %,1.502,30.03.–01.04.,
119,19.03.2020,30 %,14 %,23 %,7 %,9 %,10 %,–,–,7 %,1.035,17.03.–18.03.,
120,05.03.2020,27 %,16 %,23 %,6 %,9 %,12 %,–,–,7 %,1.502,02.03.–04.03.,
121,13.02.2020,26 %,16 %,22 %,7 %,9 %,14 %,–,–,6 %,1.007,11.02.–13.02.,
122,06.02.2020,27 %,14 %,22 %,8 %,9 %,14 %,–,–,6 %,1.503,03.02.–05.02.,
123,23.01.2020,26 %,14 %,24 %,8 %,8 %,14 %,–,–,6 %,1.043,21.01.–22.01.,
124,09.01.2020,27 %,13 %,23 %,9 %,8 %,14 %,–,–,6 %,1.506,07.01.–08.01.,
125,12.12.2019,27 %,14 %,21 %,8 %,8 %,15 %,–,–,7 %,1.038,10.12.–11.12.,
126,05.12.2019,25 %,13 %,23 %,9 %,8 %,15 %,–,–,7 %,1.507,02.12.–04.12.,
127,14.11.2019,25 %,15 %,22 %,7 %,9 %,14 %,–,–,8 %,1.046,12.11.–13.11.,
128,07.11.2019,26 %,14 %,22 %,8 %,9 %,14 %,–,–,7 %,1.507,04.11.–06.11.,
129,17.10.2019,28 %,14 %,22 %,7 %,8 %,14 %,–,–,7 %,1.062,14.10.–16.10.,
130,10.10.2019,28 %,13 %,24 %,7 %,8 %,14 %,–,–,6 %,1.504,07.10.–09.10.,
131,19.09.2019,27 %,14 %,23 %,8 %,8 %,14 %,–,–,6 %,1.067,17.09.–18.09.,
132,05.09.2019,27 %,14 %,23 %,7 %,7 %,15 %,–,–,7 %,1.514,03.09.–04.09.,
133,22.08.2019,26 %,14 %,25 %,7 %,7 %,14 %,–,–,7 %,1.063,20.08.–21.08.,
134,01.08.2019,26 %,12 %,26 %,8 %,7 %,14 %,–,–,7 %,1.503,29.07.–31.07.,
135,25.07.2019,26 %,13 %,26 %,9 %,8 %,12 %,–,–,6 %,1.046,22.07.–24.07.,
136,04.07.2019,25 %,13 %,26 %,8 %,8 %,13 %,–,–,7 %,1.506,01.07.–03.07.,
137,27.06.2019,26 %,13 %,25 %,9 %,7 %,12 %,–,–,8 %,1.051,24.06.–26.06.,
138,06.06.2019,25 %,12 %,26 %,8 %,7 %,13 %,–,–,9 %,1.5,03.06.–05.06.,
139,02.05.2019,28 %,18 %,20 %,8 %,9 %,12 %,–,–,5 %,1.505,29.04.–30.04.,
140,17.04.2019,29 %,16 %,21 %,8 %,8 %,13 %,–,–,5 %,1.051,15.04.–16.04.,
141,04.04.2019,29 %,17 %,20 %,9 %,8 %,12 %,–,–,5 %,1.503,01.04.–03.04.,
142,21.03.2019,29 %,18 %,19 %,9 %,8 %,12 %,–,–,5 %,1.041,19.03.–20.03.,
143,14.03.2019,29 %,17 %,19 %,8 %,9 %,13 %,–,–,5 %,1.508,11.03.–13.03.,
144,21.02.2019,30 %,18 %,18 %,8 %,8 %,12 %,–,–,6 %,1.029,19.02.–20.02.,
145,14.02.2019,29 %,17 %,19 %,9 %,8 %,13 %,–,–,5 %,1.503,11.02.–13.02.,
146,24.01.2019,28 %,15 %,20 %,9 %,8 %,15 %,–,–,5 %,1.051,22.01.–23.01.,
147,10.01.2019,29 %,15 %,20 %,9 %,9 %,14 %,–,–,4 %,1.505,07.01.–09.01.,
148,13.12.2018,31 %,15 %,20 %,8 %,8 %,13 %,–,–,5 %,1.048,11.12.–12.12.,
149,06.12.2018,30 %,14 %,20 %,8 %,8 %,14 %,–,–,6 %,1.502,03.12.–05.12.,
150,29.11.2018,28 %,14 %,21 %,9 %,8 %,15 %,–,–,5 %,1.052,27.11.–28.11.,
151,15.11.2018,26 %,14 %,23 %,8 %,9 %,14 %,–,–,6 %,1.506,12.11.–14.11.,
152,18.10.2018,25 %,14 %,19 %,11 %,9 %,16 %,–,–,6 %,1.04,16.10.–17.10.,
153,11.10.2018,26 %,15 %,17 %,10 %,10 %,16 %,–,–,6 %,1.508,08.10.–10.10.,
154,20.09.2018,28 %,17 %,15 %,9 %,10 %,18 %,–,–,3 %,1.035,17.09.–19.09.,
155,06.09.2018,29 %,18 %,14 %,8 %,10 %,16 %,–,–,5 %,1.502,03.09.–05.09.,
156,23.08.2018,29 %,18 %,14 %,8 %,9 %,17 %,–,–,5 %,1.047,20.08.–22.08.,
157,02.08.2018,29 %,18 %,15 %,7 %,9 %,17 %,–,–,5 %,1.508,30.07.–01.08.,
158,26.07.2018,30 %,18 %,15 %,8 %,8 %,16 %,–,–,5 %,1.047,24.07.–25.07.,
159,05.07.2018,30 %,18 %,14 %,8 %,9 %,16 %,–,–,5 %,1.505,03.07.–04.07.,
160,27.06.2018,32 %,19 %,13 %,8 %,9 %,14 %,–,–,5 %,1.025,25.06.–26.06.,
161,14.06.2018,31 %,18 %,13 %,8 %,10 %,15 %,–,–,5 %,1.506,11.06.–13.06.,
162,17.05.2018,33 %,17 %,13 %,8 %,10 %,14 %,–,–,5 %,1.009,14.05.–16.05.,
163,09.05.2018,32 %,18 %,13 %,8 %,9 %,15 %,–,–,5 %,1.507,07.05.–08.05.,
164,19.04.2018,32 %,17 %,12 %,10 %,10 %,15 %,–,–,4 %,1.039,16.04.–18.04.,
165,05.04.2018,33 %,18 %,12 %,9 %,10 %,14 %,–,–,4 %,1.503,03.04.–04.04.,
166,22.03.2018,33 %,19 %,12 %,9 %,10 %,13 %,–,–,4 %,1.038,20.03.–21.03.,
167,01.03.2018,34 %,18 %,11 %,9 %,9 %,15 %,–,–,4 %,1.502,26.02.–28.02.,
168,22.02.2018,34 %,17 %,12 %,9 %,10 %,14 %,–,–,4 %,1.052,20.02.–21.02.,
169,15.02.2018,33 %,16 %,13 %,9 %,11 %,15 %,–,–,3 %,1.001,13.02.–15.02.,
170,01.02.2018,33 %,18 %,11 %,10 %,11 %,14 %,–,–,3 %,1.502,29.01.–31.01.,
171,25.01.2018,33 %,19 %,11 %,10 %,10 %,12 %,–,–,5 %,1.043,22.01.–24.01.,
172,04.01.2018,33 %,21 %,11 %,9 %,9 %,13 %,–,–,4 %,1.506,02.01.–03.01.,
173,14.12.2017,32 %,20 %,12 %,9 %,9 %,13 %,–,–,5 %,1.029,11.12.–13.12.,
174,07.12.2017,32 %,21 %,11 %,9 %,10 %,13 %,–,–,4 %,1.504,04.12.–06.12.,
175,20.11.2017,32 %,22 %,11 %,10 %,10 %,11 %,–,–,4 %,1.011,20.11.,
176,16.11.2017,31 %,21 %,11 %,11 %,10 %,12 %,–,–,4 %,1.382,10.11.–15.11.,
177,09.11.2017,30 %,21 %,11 %,12 %,9 %,13 %,–,–,4 %,1.505,06.11.–08.11.,
178,20.10.2017,31 %,21 %,11 %,12 %,9 %,12 %,–,–,4 %,1.026,16.10.–18.10.,
179,12.10.2017,32 %,20 %,10 %,11 %,10 %,11 %,–,–,6 %,1.506,09.10.–11.10.,
180,14.09.2017,37 %,20 %,"7,5 %","9,5 %",9 %,12 %,–,–,5 %,1.503,12.09.–13.09.,
181,07.09.2017,37 %,21 %,8 %,9 %,10 %,11 %,–,–,4 %,1.503,04.09.–06.09.,
182,31.08.2017,37 %,23 %,8 %,8 %,9 %,11 %,–,–,4 %,1.411,28.08.–30.08.,
183,24.08.2017,38 %,22 %,8 %,9 %,9 %,10 %,–,–,4 %,1.035,22.08.–23.08.,
184,09.08.2017,39 %,24 %,8 %,8 %,9 %,8 %,–,–,4 %,1.505,04.08.–08.08.,
185,27.07.2017,40 %,23 %,8 %,8 %,8 %,9 %,–,–,4 %,1.004,25.07.–26.07.,
186,06.07.2017,39 %,23 %,8 %,9 %,9 %,9 %,–,–,3 %,1.5,03.07.–05.07.,
187,15.06.2017,39 %,24 %,7 %,9 %,8 %,8 %,–,–,5 %,1.018,12.06.–13.06.,
188,08.06.2017,38 %,24 %,7 %,10 %,8 %,9 %,–,–,4 %,1.503,06.06.–07.06.,
189,18.05.2017,38 %,26 %,8 %,9 %,6 %,9 %,–,–,4 %,1.017,16.05.–17.05.,
190,11.05.2017,37 %,27 %,8 %,8 %,7 %,10 %,–,–,3 %,1.5,08.05.–10.05.,
191,20.04.2017,35 %,30 %,7 %,6 %,8 %,10 %,–,–,4 %,934.0,18.04.–19.04.,
192,13.04.2017,34 %,31 %,8 %,6 %,7 %,11 %,–,–,3 %,1.502,10.04.–12.04.,
193,23.03.2017,32 %,32 %,8 %,6 %,7 %,11 %,–,–,4 %,1.023,20.03.–22.03.,
194,09.03.2017,32 %,31 %,8 %,6 %,8 %,11 %,–,–,4 %,1.502,06.03.–08.03.,
195,23.02.2017,31 %,32 %,8 %,6 %,7 %,11 %,–,–,5 %,1.047,20.02.–22.02.,
196,02.02.2017,34 %,28 %,8 %,6 %,8 %,12 %,–,–,4 %,1.506,30.01.–01.02.,
197,27.01.2017,35 %,23 %,9 %,6 %,8 %,14 %,–,–,5 %,1.029,24.01.–25.01.,
198,05.01.2017,37 %,20 %,9 %,5 %,9 %,15 %,–,–,5 %,1.505,02.01.–04.01.,
199,16.12.2016,36 %,21 %,10 %,6 %,9 %,13 %,–,–,5 %,1.005,12.12.–14.12.,
200,08.12.2016,35 %,22 %,11 %,5 %,9 %,13 %,–,–,5 %,1.504,05.12.–07.12.,
201,18.11.2016,32 %,23 %,13 %,6 %,9 %,12 %,–,–,5 %,1.014,14.11.–16.11.,
202,03.11.2016,33 %,22 %,12 %,6 %,9 %,13 %,–,–,5 %,1.505,31.10.–02.11.,
203,20.10.2016,33 %,22 %,12 %,5 %,9 %,14 %,–,–,5 %,1.018,18.10.–19.10.,
204,06.10.2016,33 %,22 %,11 %,6 %,9 %,14 %,–,–,5 %,1.503,04.10.–05.10.,
205,23.09.2016,32 %,22 %,12 %,6 %,8 %,16 %,–,–,4 %,1018.0,19.09.–21.09.,
206,01.09.2016,33 %,23 %,11 %,5 %,9 %,14 %,–,–,5 %,1.504,29.08.–31.08.,
207,26.08.2016,33 %,22 %,12 %,5 %,9 %,13 %,–,–,6 %,1.008,23.08.–24.08.,
208,04.08.2016,34 %,22 %,13 %,5 %,9 %,12 %,–,–,5 %,1.503,01.08.–03.08.,
209,15.07.2016,33 %,22 %,14 %,6 %,8 %,12 %,–,–,5 %,1.037,12.07.–13.07.,
210,07.07.2016,34 %,22 %,13 %,6 %,9 %,12 %,–,–,4 %,1.504,04.07.–06.07.,
211,17.06.2016,31 %,21 %,14 %,7 %,9 %,14 %,–,–,4 %,1.0,13.06.–15.06.,
212,02.06.2016,32 %,21 %,13 %,6 %,9 %,15 %,–,–,4 %,1.506,30.05.–01.06.,
213,20.05.2016,32 %,21 %,12 %,7 %,9 %,15 %,–,–,4 %,1.015,17.05.–18.05.,
214,04.05.2016,33 %,20 %,13 %,6 %,8 %,15 %,–,–,5 %,1.503,02.05.–03.05.,
215,22.04.2016,33 %,21 %,12 %,7 %,8 %,14 %,–,–,5 %,1.011,18.04.–20.04.,
216,07.04.2016,34 %,21 %,13 %,7 %,7 %,14 %,–,–,4 %,1.505,04.04.–06.04.,
217,24.03.2016,34 %,22 %,12 %,7 %,8 %,13 %,–,–,4 %,1.0,21.03.–22.03.,
218,29.02.2016,36 %,23 %,10 %,6 %,9 %,11 %,–,–,5 %,1.505,26.02.–27.02.,
219,26.02.2016,37 %,23 %,11 %,6 %,8 %,10 %,–,–,5 %,1.028,23.02.–24.02.,
220,03.02.2016,35 %,24 %,10 %,5 %,9 %,12 %,–,–,5 %,1.504,01.02.–02.02.,
221,15.01.2016,37 %,25 %,10 %,4 %,8 %,10 %,–,–,6 %,1.027,12.01.–13.01.,
222,07.01.2016,39 %,24 %,11 %,4 %,8 %,9 %,–,–,5 %,1.504,05.01.–07.01.,
223,18.12.2015,38 %,24 %,10 %,4 %,8 %,10 %,–,–,6 %,1.021,14.12.–16.12.,
224,03.12.2015,37 %,25 %,11 %,4 %,8 %,10 %,–,–,5 %,1.503,30.11.–01.12.,
225,20.11.2015,37 %,25 %,10 %,5 %,8 %,9 %,–,–,6 %,1.851,16.11.–19.11.,
226,05.11.2015,37 %,24 %,11 %,5 %,9 %,8 %,–,–,6 %,1.503,02.11.–04.11.,
227,23.10.2015,38 %,24 %,11 %,5 %,9 %,8 %,–,–,5 %,1.0,19.10.–21.10.,
228,01.10.2015,40 %,24 %,10 %,5 %,9 %,6 %,–,–,6 %,1.501,28.09.–30.09.,
229,11.09.2015,42 %,25 %,11 %,4 %,9 %,4 %,–,–,5 %,1.021,07.09.–09.09.,
230,03.09.2015,42 %,24 %,12 %,4 %,8 %,4 %,–,–,6 %,1.501,31.08.–02.09.,
231,14.08.2015,42 %,24 %,11 %,4 %,9 %,4 %,–,–,6 %,1.033,11.08.–12.08.,
232,30.07.2015,42 %,24 %,11 %,5 %,9 %,4 %,–,–,5 %,1.504,27.07.–29.07.,
233,17.07.2015,41 %,24 %,11 %,6 %,9 %,4 %,–,–,5 %,1.029,14.07.–15.07.,
234,02.07.2015,40 %,25 %,11 %,5 %,10 %,5 %,–,–,4 %,1.501,29.06.–01.07.,
235,19.06.2015,40 %,25 %,10 %,5 %,10 %,5 %,–,–,5 %,1.001,15.06.–17.06.,
236,03.06.2015,40 %,25 %,10 %,6 %,9 %,5 %,–,–,5 %,1.503,01.06.–02.06.,
237,21.05.2015,41 %,26 %,9 %,5 %,9 %,5 %,–,–,5 %,1.011,18.05.–20.05.,
238,07.05.2015,40 %,25 %,10 %,4 %,9 %,6 %,–,–,6 %,1.506,04.05.–06.05.,
239,24.04.2015,41 %,24 %,11 %,4 %,8 %,6 %,–,–,6 %,1.002,20.04.–22.04.,
240,02.04.2015,41 %,25 %,10 %,4 %,9 %,6 %,–,–,5 %,1.501,30.03.–01.04.,
241,13.03.2015,41 %,24 %,11 %,4 %,9 %,6 %,–,–,5 %,1.0,10.03.–11.03.,
242,05.03.2015,41 %,25 %,10 %,4 %,9 %,6 %,–,–,5 %,1.506,02.03.–04.03.,
243,13.02.2015,42 %,24 %,10 %,3 %,8 %,7 %,–,–,6 %,1.023,10.02.–11.02.,
244,05.02.2015,41 %,25 %,10 %,3 %,9 %,6 %,–,–,6 %,1.503,02.02.–04.02.,
245,16.01.2015,41 %,25 %,10 %,4 %,8 %,6 %,–,–,6 %,1.017,12.01.–14.01.,
246,08.01.2015,41 %,26 %,10 %,3 %,8 %,6 %,–,–,6 %,1.506,05.01.–07.01.,
247,19.12.2014,42 %,25 %,10 %,–,8 %,6 %,–,–,9 %,1.006,15.12.–17.12.,
248,04.12.2014,40 %,26 %,11 %,2 %,9 %,7 %,–,–,5 %,1.502,01.12.–03.12.,
249,21.11.2014,41 %,26 %,11 %,3 %,8 %,6 %,–,–,5 %,1.023,17.11.–19.11.,
250,06.11.2014,41 %,25 %,10 %,3 %,9 %,7 %,–,–,5 %,1.504,03.11.–05.11.,
251,24.10.2014,40 %,26 %,10 %,2 %,9 %,7 %,–,–,6 %,1.022,20.10.–22.10.,
252,02.10.2014,41 %,24 %,9 %,2 %,10 %,9 %,–,–,5 %,1.502,29.09.–01.10.,
253,26.09.2014,39 %,25 %,10 %,3 %,10 %,8 %,–,–,5 %,1.008,22.09.–24.09.,
254,04.09.2014,40 %,24 %,10 %,3 %,10 %,7 %,–,–,6 %,1.503,01.09.–03.09.,
255,29.08.2014,42 %,25 %,9 %,3 %,9 %,5 %,–,–,7 %,1.027,26.08.–27.08.,
256,07.08.2014,41 %,26 %,10 %,3 %,9 %,5 %,–,–,6 %,1.503,04.08.–06.08.,
257,18.07.2014,40 %,26 %,10 %,4 %,10 %,4 %,–,–,6 %,1.008,15.07.–16.07.,
258,03.07.2014,39 %,26 %,11 %,4 %,9 %,5 %,–,–,6 %,1.505,30.06.–02.07.,
259,20.06.2014,39 %,25 %,12 %,4 %,8 %,6 %,–,–,6 %,1.0,17.06.–18.06.,
260,05.06.2014,38 %,26 %,11 %,4 %,9 %,7 %,–,–,5 %,1.504,02.06.–04.06.,
261,16.05.2014,39 %,26 %,11 %,4 %,9 %,6 %,–,–,5 %,1.5,12.05.–14.05.,
262,30.04.2014,40 %,26 %,10 %,4 %,9 %,5 %,–,–,6 %,1.6,28.04.–29.04.,
263,25.04.2014,41 %,25 %,10 %,4 %,10 %,5 %,–,–,5 %,1.008,22.04.–23.04.,
264,03.04.2014,41 %,26 %,10 %,4 %,9 %,5 %,–,–,5 %,1.506,31.03.–02.04.,
265,28.03.2014,41 %,25 %,10 %,4 %,8 %,5 %,–,–,7 %,1.0,25.03.–26.03.,
266,06.03.2014,42 %,24 %,11 %,4 %,9 %,4 %,–,–,6 %,1.515,04.03.–05.03.,
267,28.02.2014,40 %,26 %,10 %,4 %,9 %,5 %,–,–,6 %,1.026,24.02.–26.02.,
268,06.02.2014,41 %,27 %,9 %,4 %,9 %,5 %,–,–,5 %,1.536,03.02.–05.02.,
269,31.01.2014,42 %,27 %,9 %,4 %,8 %,4 %,–,–,6 %,1.014,27.01.–29.01.,
270,09.01.2014,41 %,27 %,9 %,4 %,8 %,4 %,–,–,7 %,1.559,06.01.–08.01.,
271,20.12.2013,42 %,27 %,9 %,4 %,8 %,4 %,–,–,6 %,1.0,17.12.–18.12.,
272,05.12.2013,43 %,25 %,10 %,3 %,9 %,4 %,–,–,6 %,1.523,02.12.–04.12.,
273,22.11.2013,42 %,25 %,10 %,3 %,9 %,4 %,–,–,7 %,1.006,19.11.–20.11.,
274,07.11.2013,42 %,26 %,10 %,3 %,9 %,4 %,–,–,6 %,1.52,04.11.–06.11.,
275,25.10.2013,40 %,27 %,9 %,4 %,9 %,5 %,–,–,6 %,1.028,21.10.–23.10.,
276,10.10.2013,42 %,26 %,8 %,3 %,9 %,"4,5 %",–,–,"7,5 %",1.503,07.10.–09.10.,
277,12.09.2013,40 %,28 %,10 %,5 %,8 %,"2,5 %",,,4 %,2.012,10.09.–12.09.,"2,5 %"
278,05.09.2013,41 %,27 %,10 %,5 %,8 %,3 %,,,4 %,1.502,02.09.–04.09.,2 %
279,29.08.2013,41 %,26 %,11 %,5 %,8 %,3 %,,,6 %,1.5,27.08.–28.08.,–
280,23.08.2013,42 %,24 %,12 %,5 %,9 %,3 %,,,3 %,1.0,20.08.–21.08.,2 %
281,15.08.2013,42 %,25 %,12 %,5 %,8 %,–,,,5 %,1.0,13.08.–14.08.,3 %
282,09.08.2013,42 %,25 %,13 %,5 %,7 %,–,,,5 %,1.0,06.08.–07.08.,3 %
283,01.08.2013,42 %,26 %,13 %,5 %,7 %,–,,,7 %,1.503,29.07.–31.07.,–
284,25.07.2013,42 %,25 %,14 %,4 %,7 %,2 %,,,4 %,1.0,23.07.–24.07.,2 %
285,19.07.2013,41 %,26 %,13 %,4 %,7 %,3 %,,,4 %,1.0,16.07.–17.07.,2 %
286,12.07.2013,41 %,26 %,14 %,4 %,6 %,3 %,,,6 %,1.0,09.07.–10.07.,–
287,04.07.2013,42 %,25 %,14 %,4 %,7 %,–,,,5 %,1.505,01.07.–03.07.,3 %
288,28.06.2013,41 %,26 %,13 %,4 %,7 %,–,,,6 %,1.0,25.06.–26.06.,3 %
289,21.06.2013,41 %,25 %,14 %,5 %,7 %,–,,,8 %,1.008,18.06.–19.06.,–
290,14.06.2013,41 %,26 %,15 %,4 %,7 %,2 %,,,5 %,1.0,11.06.–13.06.,–
291,06.06.2013,41 %,27 %,14 %,4 %,6 %,3 %,,,5 %,1.503,03.06.–05.06.,–
292,31.05.2013,42 %,26 %,14 %,4 %,6 %,3 %,,,5 %,1.0,28.05.–29.05.,–
293,24.05.2013,41 %,27 %,14 %,4 %,6 %,2 %,,,4 %,1.008,21.05.–22.05.,2 %
294,17.05.2013,41 %,26 %,14 %,4 %,6 %,3 %,,,3 %,1.0,14.05.–15.05.,3 %
295,10.05.2013,40 %,27 %,14 %,5 %,6 %,3 %,,,5 %,1.0,06.05.–07.05.,–
296,02.05.2013,40 %,26 %,15 %,4 %,7 %,3 %,,,5 %,1.506,29.04.–01.05.,–
297,26.04.2013,40 %,27 %,14 %,4 %,7 %,3 %,,,3 %,1.008,23.04.–24.04.,2 %
298,21.04.2013,41 %,27 %,14 %,4 %,7 %,3 %,,,4 %,1.0,16.04.–17.04.,–
299,12.04.2013,42 %,27 %,15 %,4 %,7 %,–,,,3 %,1.0,09.04.–10.04.,2 %
300,04.04.2013,41 %,27 %,14 %,4 %,8 %,–,,,3 %,1.502,02.04.–03.04.,3 %
301,28.03.2013,39 %,28 %,15 %,4 %,8 %,–,,,3 %,1.0,25.03.–26.03.,3 %
302,22.03.2013,38 %,27 %,16 %,5 %,8 %,–,,,4 %,1.008,19.03.–20.03.,2 %
303,14.03.2013,40 %,25 %,17 %,5 %,7 %,–,,,3 %,1.0,12.03.–13.03.,3 %
304,07.03.2013,40 %,26 %,17 %,4 %,7 %,–,,,4 %,1.503,04.03.–06.03.,2 %
305,28.02.2013,41 %,27 %,15 %,4 %,6 %,–,,,4 %,1.0,26.02.–27.02.,3 %
306,21.02.2013,40 %,28 %,15 %,5 %,6 %,–,,,3 %,1.0,19.02.–20.02.,3 %
307,15.02.2013,40 %,27 %,16 %,4 %,7 %,–,,,3 %,1.0,12.02.–13.02.,3 %
308,07.02.2013,39 %,29 %,15 %,4 %,6 %,–,,,4 %,1.0,05.02.–06.02.,3 %
309,31.01.2013,40 %,27 %,15 %,4 %,6 %,–,,,4 %,1.507,28.01.–30.01.,4 %
310,24.01.2013,42 %,27 %,14 %,4 %,6 %,–,,,4 %,1.0,22.01.–23.01.,3 %
311,18.01.2013,42 %,26 %,13 %,4 %,7 %,–,,,4 %,1.008,15.01.–16.01.,4 %
312,10.01.2013,41 %,28 %,14 %,4 %,6 %,–,,,4 %,1.501,07.01.–09.01.,3 %
313,04.01.2013,41 %,29 %,12 %,4 %,6 %,–,,,4 %,1.0,02.01.–03.01.,4 %
314,21.12.2012,40 %,30 %,13 %,4 %,7 %,–,,,3 %,1.008,18.12.–19.12.,3 %
315,06.12.2012,39 %,30 %,14 %,4 %,7 %,–,,,3 %,1.501,03.12.–05.12.,3 %
316,23.11.2012,39 %,29 %,15 %,4 %,6 %,–,,,3 %,1.008,20.11.–21.11.,4 %
317,08.11.2012,40 %,30 %,14 %,4 %,6 %,–,,,2 %,1.505,05.11.–07.11.,4 %
318,26.10.2012,38 %,30 %,13 %,4 %,7 %,–,,,3 %,1.0,23.10.–24.10.,5 %
319,04.10.2012,39 %,31 %,11 %,4 %,7 %,–,,,4 %,1.501,01.10.–03.10.,4 %
320,28.09.2012,37 %,30 %,12 %,4 %,7 %,–,,,4 %,1.0,25.09.–26.09.,6 %
321,06.09.2012,37 %,30 %,13 %,4 %,6 %,–,,,4 %,1.503,03.09.–05.09.,6 %
322,17.08.2012,36 %,29 %,13 %,5 %,6 %,–,,,4 %,1.0,14.08.–15.08.,7 %
323,01.08.2012,36 %,28 %,13 %,5 %,6 %,–,,,4 %,1.504,30.07.–31.07.,8 %
324,20.07.2012,35 %,30 %,14 %,4 %,6 %,–,,,3 %,1.0,17.07.–18.07.,8 %
325,05.07.2012,35 %,30 %,14 %,4 %,7 %,–,,,3 %,1.504,02.07.–04.07.,7 %
326,22.06.2012,34 %,31 %,14 %,4 %,6 %,–,,,3 %,1.0,18.06.–19.06.,8 %
327,06.06.2012,34 %,30 %,13 %,5 %,5 %,–,,,4 %,1.501,04.06.–05.06.,9 %
328,25.05.2012,33 %,29 %,13 %,5 %,6 %,–,,,3 %,1.0,21.05.–22.05.,11 %
329,18.05.2012,33 %,30 %,13 %,5 %,5 %,–,,,3 %,1.0,14.05.–15.05.,11 %
330,03.05.2012,34 %,28 %,14 %,4 %,6 %,–,,,3 %,1.504,30.04.–02.05.,11 %
331,13.04.2012,35 %,27 %,14 %,3 %,6 %,–,,,4 %,1.0,10.04.–11.04.,11 %
332,04.04.2012,35 %,27 %,14 %,3 %,7 %,–,,,4 %,1.505,02.04.–03.04.,10 %
333,16.03.2012,37 %,30 %,13 %,3 %,7 %,–,,,4 %,1.0,13.03.–14.03.,6 %
334,01.03.2012,37 %,28 %,14 %,3 %,7 %,–,,,4 %,1.504,27.02.–29.02.,7 %
335,17.02.2012,36 %,29 %,16 %,3 %,7 %,–,,,3 %,1.0,14.02.–15.02.,6 %
336,02.02.2012,36 %,29 %,15 %,3 %,7 %,–,,,4 %,1.501,30.01.–01.02.,6 %
337,19.01.2012,36 %,29 %,15 %,3 %,7 %,–,,,4 %,1.0,16.01.–17.01.,6 %
338,05.01.2012,35 %,30 %,16 %,2 %,6 %,–,,,5 %,1.5,02.01.–04.01.,6 %
339,23.12.2011,36 %,30 %,16 %,3 %,6 %,–,,,3 %,1.0,19.12.–21.12.,6 %
340,01.12.2011,35 %,30 %,16 %,3 %,7 %,–,,,3 %,1.514,28.11.–30.11.,6 %
341,25.11.2011,35 %,30 %,14 %,3 %,7 %,–,,,4 %,1.0,22.11.–23.11.,7 %
342,03.11.2011,34 %,31 %,15 %,4 %,6 %,–,,,3 %,1.502,31.10.–02.11.,7 %
343,28.10.2011,33 %,32 %,14 %,3 %,7 %,–,,,4 %,1.001,25.10.–26.10.,7 %
344,06.10.2011,32 %,30 %,17 %,3 %,6 %,–,,,4 %,1.503,04.10.–05.10.,8 %
345,26.09.2011,34 %,30 %,18 %,4 %,6 %,–,,,4 %,1.031,22.09.–24.09.,4 %
346,16.09.2011,33 %,30 %,19 %,5 %,7 %,–,,,6 %,1.001,13.09.–14.09.,–
347,09.09.2011,35 %,30 %,18 %,3 %,7 %,–,,,7 %,1.0,06.09.–07.09.,–
348,01.09.2011,35 %,28 %,20 %,4 %,7 %,–,,,4 %,1.502,29.08.–31.08.,2 %
349,19.08.2011,34 %,27 %,21 %,5 %,7 %,–,,,6 %,1.001,16.08.–17.08.,–
350,04.08.2011,32 %,28 %,23 %,4 %,8 %,–,,,5 %,1.507,01.08.–03.08.,–
351,22.07.2011,33 %,27 %,23 %,4 %,8 %,–,,,5 %,1.001,19.07.–20.07.,–
352,07.07.2011,32 %,26 %,23 %,5 %,8 %,–,,,6 %,1.505,04.07.–06.07.,–
353,24.06.2011,34 %,26 %,23 %,4 %,7 %,–,,,6 %,1.001,21.06.–22.06.,–
354,09.06.2011,33 %,25 %,24 %,5 %,8 %,–,,,5 %,1.507,06.06.–08.06.,–
355,22.05.2011,33 %,26 %,23 %,4 %,8 %,–,,,6 %,1.002,18.05.–20.05.,–
356,13.05.2011,33 %,26 %,22 %,5 %,8 %,–,,,6 %,1.0,09.05.–10.05.,–
357,05.05.2011,35 %,26 %,23 %,4 %,7 %,–,,,5 %,1.501,02.05.–04.05.,–
358,15.04.2011,33 %,26 %,24 %,4 %,8 %,–,,,5 %,1.0,12.04.–13.04.,–
359,07.04.2011,33 %,27 %,23 %,5 %,7 %,–,,,5 %,1.504,04.04.–05.04.,–
360,24.03.2011,35 %,27 %,21 %,5 %,7 %,–,,,5 %,1.0,21.03.–23.03.,–
361,18.03.2011,35 %,28 %,20 %,5 %,7 %,–,,,5 %,1.0,15.03.–16.03.,–
362,10.03.2011,35 %,28 %,15 %,6 %,9 %,–,,,7 %,1.503,08.03.–09.03.,–
363,24.02.2011,35 %,27 %,17 %,6 %,8 %,–,,,7 %,1.9,21.02.–23.02.,–
364,18.02.2011,37 %,25 %,18 %,5 %,8 %,–,,,7 %,1.0,15.02.–16.02.,–
365,14.02.2011,35 %,26 %,19 %,5 %,9 %,–,,,6 %,1.0,10.02.,–
366,03.02.2011,36 %,25 %,19 %,5 %,8 %,–,,,7 %,1.505,31.01.–02.02.,–
367,21.01.2011,34 %,28 %,19 %,4 %,8 %,–,,,7 %,1.0,18.01.–19.01.,–
368,06.01.2011,36 %,26 %,19 %,4 %,9 %,–,,,6 %,1.505,03.01.–05.01.,–
369,10.12.2010,33 %,27 %,20 %,5 %,10 %,–,,,5 %,1.0,07.12.–08.12.,–
370,02.12.2010,32 %,27 %,21 %,5 %,10 %,–,,,5 %,1.5,29.11.–01.12.,–
371,12.11.2010,31 %,26 %,23 %,5 %,10 %,–,,,5 %,1.0,09.11.–10.11.,–
372,04.11.2010,32 %,27 %,22 %,5 %,9 %,–,,,5 %,1.0,02.11.–03.11.,–
373,15.10.2010,31 %,28 %,21 %,5 %,10 %,–,,,5 %,1.0,12.10.–13.10.,–
374,07.10.2010,32 %,27 %,20 %,5 %,11 %,–,,,5 %,2.005,04.10.–06.10.,–
375,01.10.2010,33 %,29 %,18 %,5 %,10 %,–,,,5 %,1.0,28.09.–29.09.,–
376,17.09.2010,32 %,29 %,18 %,5 %,10 %,–,,,6 %,1.0,14.09.–15.09.,–
377,02.09.2010,32 %,30 %,17 %,5 %,10 %,–,,,6 %,2.006,30.08.–01.09.,–
378,20.08.2010,31 %,31 %,16 %,5 %,10 %,–,,,7 %,1.0,17.08.–18.08.,–
379,05.08.2010,31 %,31 %,17 %,5 %,10 %,–,,,6 %,1.5,02.08.–04.08.,–
380,23.07.2010,33 %,30 %,17 %,5 %,10 %,–,,,5 %,1.0,20.07.–21.07.,–
381,01.07.2010,33 %,30 %,17 %,5 %,10 %,–,,,5 %,1.624,30.06.–01.07.,–
382,15.06.2010,32 %,29 %,17 %,5 %,11 %,–,,,6 %,1.0,14.06.–15.06.,–
383,11.06.2010,31 %,29 %,16 %,6 %,12 %,–,,,6 %,1.0,08.06.–09.06.,–
384,02.06.2010,32 %,29 %,16 %,8 %,10 %,–,,,5 %,1.002,01.06.–02.06.,–
385,27.05.2010,33 %,27 %,16 %,7 %,11 %,–,,,6 %,1.5,25.05.–26.05.,–
386,14.05.2010,32 %,28 %,17 %,7 %,11 %,–,,,5 %,1.0,10.05.–11.05.,–
387,29.04.2010,35 %,26 %,16 %,8 %,10 %,–,,,5 %,1.5,26.04.–28.04.,–
388,16.04.2010,36 %,26 %,14 %,9 %,10 %,–,,,5 %,1.0,13.04.–14.04.,–
389,31.03.2010,35 %,28 %,14 %,8 %,10 %,–,,,5 %,1.5,29.03.–30.03.,–
390,19.03.2010,35 %,27 %,14 %,9 %,10 %,–,,,5 %,1.0,16.03.–17.03.,–
391,04.03.2010,36 %,25 %,14 %,10 %,11 %,–,,,4 %,1.5,01.03.–03.03.,–
392,19.02.2010,34 %,27 %,15 %,10 %,10 %,–,,,4 %,1.0,16.02.–17.02.,–
393,04.02.2010,36 %,26 %,15 %,8 %,11 %,–,,,4 %,1.502,01.02.–03.02.,–
394,22.01.2010,36 %,25 %,13 %,10 %,11 %,–,,,5 %,1.0,19.01.–20.01.,–
395,07.01.2010,36 %,25 %,12 %,11 %,10 %,–,,,6 %,1.5,04.01.–06.01.,–
396,11.12.2009,35 %,24 %,14 %,12 %,11 %,–,,,4 %,1.0,08.12.–09.12.,–
397,03.12.2009,35 %,24 %,13 %,12 %,11 %,–,,,5 %,1.5,30.11.–02.12.,–
398,20.11.2009,35 %,22 %,12 %,13 %,12 %,–,,,6 %,1.0,17.11.–19.11.,–
399,13.11.2009,35 %,21 %,13 %,13 %,12 %,–,,,6 %,1.0,10.11.–11.11.,–
400,05.11.2009,35 %,22 %,12 %,14 %,12 %,–,,,5 %,1.75,02.11.–04.11.,–
401,16.10.2009,34 %,22 %,12 %,14 %,13 %,–,,,5 %,1.0,13.10.–14.10.,–
402,08.10.2009,34 %,23 %,11 %,14 %,13 %,–,,,5 %,1.5,05.10.–07.10.,–
403,17.09.2009,35 %,26 %,10 %,14 %,11 %,–,,,4 %,1.252,15.09.–17.09.,–
404,10.09.2009,35 %,23 %,12 %,14 %,12 %,–,,,4 %,1.0,08.09.–09.09.,–
405,03.09.2009,35 %,23 %,13 %,14 %,11 %,–,,,4 %,1.5,31.08.–02.09.,–
406,27.08.2009,35 %,23 %,13 %,15 %,10 %,–,,,4 %,1.0,24.08.–26.08.,–
407,21.08.2009,36 %,23 %,13 %,15 %,9 %,–,,,4 %,1.0,18.08.–19.08.,–
408,13.08.2009,37 %,22 %,12 %,15 %,9 %,–,,,5 %,1.0,11.08.–12.08.,–
409,06.08.2009,35 %,23 %,13 %,16 %,10 %,–,,,3 %,1.541,03.08.–05.08.,–
410,30.07.2009,36 %,24 %,13 %,14 %,10 %,–,,,3 %,1.0,28.07.–29.07.,–
411,17.07.2009,36 %,23 %,13 %,14 %,10 %,–,,,4 %,1.0,14.07.–15.07.,–
412,02.07.2009,35 %,23 %,13 %,15 %,10 %,–,,,4 %,1.5,29.06.–01.07.,–
413,26.06.2009,35 %,24 %,13 %,15 %,9 %,–,,,4 %,1.0,23.06.–24.06.,–
414,11.06.2009,36 %,25 %,13 %,14 %,9 %,–,,,3 %,1.5,08.06.–10.06.,–
415,15.05.2009,35 %,28 %,12 %,13 %,9 %,–,,,3 %,1.0,12.05.–13.05.,–
416,07.05.2009,34 %,27 %,11 %,14 %,10 %,–,,,4 %,1.5,04.05.–06.05.,–
417,17.04.2009,35 %,26 %,11 %,14 %,10 %,–,,,4 %,1.0,14.04.–15.04.,–
418,09.04.2009,34 %,27 %,11 %,14 %,10 %,–,,,4 %,1.0,06.04.–07.04.,–
419,02.04.2009,34 %,26 %,11 %,15 %,11 %,–,,,3 %,1.5,30.03.–01.04.,–
420,20.03.2009,33 %,27 %,10 %,16 %,10 %,–,,,4 %,1.0,17.03.–18.03.,–
421,05.03.2009,32 %,27 %,11 %,17 %,10 %,–,,,3 %,1.5,02.03.–04.03.,–
422,19.02.2009,33 %,26 %,11 %,16 %,11 %,–,,,3 %,1.0,17.02.–18.02.,–
423,05.02.2009,34 %,25 %,11 %,16 %,11 %,–,,,3 %,1.75,02.02.–04.02.,–
424,23.01.2009,35 %,25 %,11 %,14 %,11 %,–,,,4 %,1.0,20.01.–21.01.,–
425,08.01.2009,37 %,26 %,10 %,13 %,10 %,–,,,4 %,1.5,05.01.–07.01.,–
426,19.12.2008,37 %,24 %,11 %,12 %,11 %,,,,5 %,1.0,15.12.–16.12.,
427,12.12.2008,36 %,23 %,12 %,13 %,12 %,,,,4 %,1.0,09.12.–10.12.,
428,04.12.2008,37 %,23 %,12 %,12 %,12 %,,,,4 %,1.5,01.12.–03.12.,
429,14.11.2008,37 %,25 %,11 %,11 %,13 %,,,,3 %,1.0,11.11.–12.11.,
430,06.11.2008,37 %,25 %,11 %,11 %,12 %,,,,4 %,1.5,03.11.–05.11.,
431,15.10.2008,35 %,25 %,10 %,12 %,13 %,,,,5 %,1.0,14.10.–15.10.,
432,02.10.2008,35 %,25 %,11 %,13 %,11 %,,,,5 %,1.5,29.09.–01.10.,
433,19.09.2008,37 %,26 %,10 %,12 %,12 %,,,,3 %,1.0,16.09.–17.09.,
434,10.09.2008,36 %,26 %,10 %,12 %,12 %,,,,4 %,1.0,09.09.–10.09.,
435,04.09.2008,36 %,26 %,10 %,11 %,13 %,,,,4 %,1.5,01.09.–03.09.,
436,22.08.2008,37 %,25 %,10 %,12 %,13 %,,,,3 %,1.0,19.08.–20.08.,
437,07.08.2008,36 %,24 %,11 %,12 %,14 %,,,,3 %,1.501,04.08.–06.08.,
438,11.07.2008,37 %,24 %,12 %,11 %,12 %,,,,4 %,1.0,08.07.–09.07.,
439,03.07.2008,36 %,25 %,11 %,12 %,13 %,,,,3 %,1.5,30.06.–02.07.,
440,13.06.2008,36 %,24 %,11 %,12 %,13 %,,,,4 %,1.0,10.06.–11.06.,
441,05.06.2008,34 %,24 %,12 %,13 %,14 %,,,,3 %,1.5,02.06.–04.06.,
442,16.05.2008,36 %,25 %,12 %,11 %,12 %,,,,4 %,1.0,13.05.–14.05.,
443,01.05.2008,37 %,27 %,10 %,10 %,12 %,,,,4 %,1.5,28.04.–30.04.,
444,25.04.2008,36 %,27 %,11 %,10 %,12 %,,,,4 %,1.0,22.04.–23.04.,
445,03.04.2008,37 %,26 %,11 %,10 %,12 %,,,,4 %,1.5,31.03.–02.04.,
446,20.03.2008,38 %,27 %,11 %,9 %,12 %,,,,3 %,1.0,17.03.–18.03.,
447,06.03.2008,39 %,28 %,10 %,8 %,12 %,,,,3 %,1.5,03.03.–05.03.,
448,01.03.2008,38 %,29 %,9 %,9 %,12 %,,,,3 %,1.0,27.02.–28.02.,
449,22.02.2008,37 %,29 %,9 %,10 %,12 %,,,,3 %,1.0,19.02.–20.02.,
450,07.02.2008,38 %,30 %,9 %,9 %,11 %,,,,3 %,1.5,04.02.–06.02.,
451,24.01.2008,39 %,30 %,9 %,9 %,10 %,,,,3 %,1.0,22.01.–23.01.,
452,10.01.2008,39 %,30 %,9 %,9 %,9 %,,,,4 %,1.5,07.01.–09.01.,
453,14.12.2007,39 %,28 %,9 %,10 %,10 %,,,,4 %,1.0,11.12.–12.12.,
454,06.12.2007,40 %,28 %,9 %,9 %,11 %,,,,3 %,1.5,03.12.–05.12.,
455,15.11.2007,41 %,30 %,9 %,8 %,9 %,,,,3 %,1.0,13.11.–14.11.,
456,01.11.2007,40 %,30 %,8 %,8 %,10 %,,,,4 %,1.5,29.10.–31.10.,
457,18.10.2007,41 %,28 %,10 %,7 %,10 %,,,,4 %,1.0,16.10.–17.10.,
458,04.10.2007,40 %,27 %,10 %,8 %,11 %,,,,4 %,1.5,01.10.–03.10.,
459,20.09.2007,39 %,27 %,11 %,10 %,10 %,,,,3 %,1.0,18.09.–19.09.,
460,06.09.2007,39 %,27 %,11 %,9 %,10 %,,,,4 %,1.5,03.09.–05.09.,
461,10.08.2007,38 %,28 %,10 %,10 %,10 %,,,,4 %,1.0,07.08.–08.08.,
462,02.08.2007,38 %,28 %,11 %,9 %,11 %,,,,3 %,1.5,30.07.–01.08.,
463,12.07.2007,38 %,28 %,11 %,9 %,11 %,,,,3 %,1.0,10.07.–11.07.,
464,05.07.2007,38 %,28 %,10 %,10 %,11 %,,,,3 %,1.5,02.07.–04.07.,
465,24.06.2007,38 %,29 %,10 %,9 %,10 %,,,,4 %,1.0,20.06.–21.06.,
466,14.06.2007,38 %,29 %,11 %,9 %,9 %,,,,4 %,1.0,12.06.–13.06.,
467,07.06.2007,37 %,31 %,11 %,9 %,9 %,,,,3 %,1.5,04.06.–06.06.,
468,16.05.2007,37 %,30 %,11 %,9 %,9 %,,,,4 %,1.0,14.05.–15.05.,
469,11.05.2007,36 %,31 %,11 %,10 %,8 %,,,,4 %,1.0,07.05.–10.05.,
470,03.05.2007,37 %,31 %,11 %,10 %,8 %,,,,3 %,1.5,30.03.–02.05.,
471,19.04.2007,36 %,31 %,11 %,10 %,8 %,,,,4 %,1.0,17.04.–18.04.,
472,05.04.2007,36 %,31 %,11 %,11 %,8 %,,,,3 %,1.5,02.04.–04.04.,
473,08.03.2007,37 %,30 %,11 %,10 %,8 %,,,,4 %,1.0,06.03.–07.03.,
474,01.03.2007,36 %,31 %,11 %,10 %,8 %,,,,4 %,1.5,26.02.–28.02.,
475,08.02.2007,33 %,32 %,11 %,12 %,8 %,,,,4 %,1.0,06.02.–07.02.,
476,01.02.2007,35 %,31 %,11 %,11 %,8 %,,,,4 %,1.5,29.01.–31.01.,
477,12.01.2007,35 %,31 %,10 %,11 %,8 %,,,,5 %,1.0,09.01.–10.01.,
478,04.01.2007,36 %,30 %,11 %,11 %,8 %,,,,4 %,1.524,02.01.–03.01.,
479,14.12.2006,34 %,31 %,12 %,11 %,8 %,,,,4 %,1.0,12.12.–13.12.,
480,07.12.2006,35 %,31 %,11 %,10 %,8 %,,,,5 %,1.5,04.12.–06.12.,
481,16.11.2006,34 %,32 %,10 %,11 %,8 %,,,,5 %,1.0,14.11.–15.11.,
482,02.11.2006,31 %,31 %,12 %,13 %,9 %,,,,4 %,1.5,30.10.–01.11.,
483,19.10.2006,32 %,32 %,11 %,12 %,9 %,,,,4 %,1.0,17.10.–18.10.,
484,05.10.2006,30 %,33 %,10 %,13 %,9 %,,,,5 %,1.5,03.10.–04.10.,
485,22.09.2006,32 %,31 %,10 %,13 %,9 %,,,,5 %,1.0,19.09.–20.09.,
486,07.09.2006,34 %,28 %,10 %,14 %,9 %,,,,5 %,1.5,04.09.–06.09.,
487,25.08.2006,35 %,29 %,9 %,13 %,10 %,,,,4 %,1.0,22.08.–23.08.,
488,03.08.2006,35 %,29 %,10 %,12 %,9 %,,,,5 %,1.5,31.07.–02.08.,
489,21.07.2006,35 %,29 %,10 %,13 %,9 %,,,,4 %,1.0,18.07.–20.07.,
490,13.07.2006,35 %,28 %,11 %,12 %,9 %,,,,5 %,1.0,11.07.–12.07.,
491,06.07.2006,35 %,29 %,10 %,12 %,10 %,,,,4 %,1.5,03.07.–05.07.,
492,16.06.2006,37 %,30 %,9 %,10 %,10 %,,,,4 %,1.0,13.06.–14.06.,
493,09.06.2006,37 %,30 %,10 %,10 %,9 %,,,,4 %,1.0,06.06.–08.06.,
494,01.06.2006,37 %,30 %,10 %,10 %,9 %,,,,4 %,1.5,29.05.–31.05.,
495,18.05.2006,37 %,30 %,10 %,10 %,9 %,,,,4 %,1.0,16.05.–17.05.,
496,12.05.2006,38 %,31 %,9 %,9 %,9 %,,,,4 %,1.663,02.05.–03.05.,
497,05.05.2006,39 %,31 %,10 %,9 %,8 %,,,,3 %,1.0,02.05.–03.05.,
498,28.04.2006,37 %,32 %,10 %,9 %,8 %,,,,4 %,1.0,24.04.–25.04.,
499,21.04.2006,38 %,32 %,10 %,9 %,8 %,,,,3 %,1.0,18.04.–19.04.,
500,13.04.2006,40 %,31 %,9 %,9 %,8 %,,,,3 %,1.0,10.04.–11.04.,
501,06.04.2006,40 %,30 %,9 %,10 %,8 %,,,,3 %,1.692,03.04.–05.04.,
502,31.03.2006,41 %,31 %,8 %,9 %,8 %,,,,3 %,1.0,28.03.–29.03.,
503,24.03.2006,41 %,31 %,9 %,8 %,8 %,,,,3 %,1.0,21.03.–22.03.,
504,16.03.2006,40 %,30 %,9 %,9 %,8 %,,,,4 %,1.0,14.03.–15.03.,
505,09.03.2006,41 %,29 %,9 %,9 %,8 %,,,,4 %,1.0,07.03.–08.03.,
506,02.03.2006,41 %,30 %,10 %,9 %,7 %,,,,3 %,1.536,27.02.–01.03.,
507,24.02.2006,42 %,31 %,9 %,8 %,7 %,,,,3 %,1.0,21.02.–22.02.,
508,16.02.2006,42 %,30 %,8 %,9 %,8 %,,,,3 %,1.0,14.02.–15.02.,
509,09.02.2006,41 %,31 %,8 %,8 %,8 %,,,,4 %,1.0,07.02.–08.02.,
510,02.02.2006,40 %,32 %,7 %,8 %,9 %,,,,4 %,1.536,30.01.–01.02.,
511,26.01.2006,40 %,33 %,8 %,7 %,9 %,,,,3 %,1.0,24.01.–25.01.,
512,19.01.2006,39 %,32 %,9 %,8 %,9 %,,,,3 %,1.0,17.01.–18.01.,
513,12.01.2006,39 %,32 %,9 %,8 %,9 %,,,,3 %,1.0,10.01.–11.01.,
514,05.01.2006,39 %,31 %,9 %,9 %,9 %,,,,3 %,1.672,02.01.–04.01.,
515,21.12.2005,36 %,32 %,9 %,9 %,10 %,,,,4 %,1.0,19.12.–20.12.,
516,15.12.2005,35 %,33 %,9 %,10 %,9 %,,,,4 %,998.0,13.12.–14.12.,
517,08.12.2005,36 %,34 %,9 %,10 %,8 %,,,,3 %,1.0,06.12.–07.12.,
518,01.12.2005,36 %,34 %,9 %,10 %,8 %,,,,3 %,1.507,28.11.–30.11.,
519,24.11.2005,35 %,34 %,9 %,10 %,9 %,,,,3 %,1.0,22.11.–23.11.,
520,17.11.2005,34 %,34 %,9 %,11 %,9 %,,,,3 %,1.0,15.11.–16.11.,
521,10.11.2005,36 %,33 %,8 %,10 %,10 %,,,,3 %,1.0,08.11.–09.11.,
522,03.11.2005,37 %,32 %,9 %,10 %,9 %,,,,3 %,1.509,01.11.–02.11.,
523,27.10.2005,36 %,34 %,9 %,9 %,9 %,,,,3 %,1.0,25.10.–26.10.,
524,20.10.2005,37 %,34 %,8 %,9 %,9 %,,,,3 %,1.0,18.10.–19.10.,
525,13.10.2005,37 %,34 %,8 %,9 %,8 %,,,,4 %,1.0,11.10.–12.10.,
526,06.10.2005,36 %,34 %,8 %,10 %,8 %,,,,4 %,1.508,04.10.–05.10.,
527,29.09.2005,36 %,34 %,8 %,9 %,9 %,,,,4 %,1.0,26.09.–27.09.,
528,22.09.2005,35 %,34 %,8 %,10 %,9 %,,,,4 %,1.5,20.09.–21.09.,
529,08.09.2005,41 %,34 %,7 %,"6,5 %","8,5 %",,,,3 %,1.0,06.09.–07.09.,
530,01.09.2005,43 %,32 %,7 %,6 %,9 %,,,,3 %,1.636,29.08.–31.08.,
531,25.08.2005,42 %,31 %,8 %,7 %,9 %,,,,3 %,1.0,23.08.–24.08.,
532,17.08.2005,42 %,30 %,8 %,7 %,9 %,,,,4 %,1.0,15.08.–16.08.,
533,11.08.2005,42 %,29 %,9 %,6 %,10 %,,,,4 %,1.0,09.08.–10.08.,
534,04.08.2005,42 %,29 %,8 %,6 %,11 %,,,,4 %,1.62,01.08.–03.08.,
535,28.07.2005,42 %,28 %,8 %,7 %,12 %,,,,3 %,1.0,26.07.–27.07.,
536,21.07.2005,42 %,27 %,9 %,7 %,12 %,,,,3 %,1.0,19.07.–20.07.,
537,14.07.2005,42 %,27 %,9 %,8 %,11 %,,,,3 %,1.0,12.07.–13.07.,
538,07.07.2005,43 %,27 %,8 %,7 %,11 %,,,,4 %,1.5,04.07.–06.07.,
539,30.06.2005,44 %,27 %,8 %,7 %,10 %,,,,4 %,1.0,28.06.–29.06.,
540,24.06.2005,45 %,27 %,9 %,7 %,9 %,,,,3 %,1.0,21.06.–22.06.,
541,10.06.2005,47 %,29 %,9 %,7 %,5 %,,,,3 %,1.0,07.06.–08.06.,
542,02.06.2005,48 %,28 %,9 %,7 %,4 %,,,,4 %,1.5,30.05.–31.05.,
543,27.05.2005,47 %,29 %,8 %,6 %,5 %,,,,5 %,1.0,23.05.–24.05.,
544,23.05.2005,46 %,30 %,7 %,7 %,5 %,,,,5 %,1.0,23.05.,
545,22.05.2005,46 %,29 %,8 %,8 %,4 %,,,,5 %,675.0,20:15-22:00 Uhr,
546,20.05.2005,45 %,29 %,10 %,7 %,4 %,,,,5 %,1.0,17.05.–18.05.,
547,13.05.2005,44 %,29 %,10 %,8 %,4 %,,,,5 %,1.0,10.05.–11.05.,
548,04.05.2005,45 %,29 %,10 %,7 %,4 %,,,,5 %,1.512,02.05.–03.05.,
549,29.04.2005,45 %,29 %,10 %,6 %,5 %,,,,5 %,1.0,26.04.–27.04.,
550,22.04.2005,44 %,30 %,10 %,6 %,5 %,,,,5 %,1.0,19.04.–20.04.,
551,15.04.2005,44 %,29 %,9 %,7 %,5 %,,,,6 %,1.0,12.04.–13.04.,
552,07.04.2005,45 %,29 %,9 %,7 %,5 %,,,,5 %,1.5,04.04.–06.04.,
553,01.04.2005,45 %,29 %,9 %,7 %,5 %,,,,5 %,1.0,29.03.–30.03.,
554,23.03.2005,44 %,30 %,9 %,7 %,5 %,,,,5 %,1.0,21.03.–22.03.,
555,18.03.2005,43 %,30 %,9 %,7 %,5 %,,,,6 %,1.0,15.03.–16.03.,
556,11.03.2005,44 %,30 %,10 %,6 %,5 %,,,,5 %,1.0,08.03.–09.03.,
557,04.03.2005,43 %,31 %,10 %,6 %,5 %,,,,5 %,1.5,01.03.–02.03.,
558,25.02.2005,42 %,31 %,11 %,6 %,5 %,,,,5 %,1.0,22.02.–23.02.,
559,18.02.2005,40 %,32 %,11 %,7 %,5 %,,,,5 %,1.0,15.02.–16.02.,
560,11.02.2005,40 %,31 %,11 %,7 %,5 %,,,,6 %,1.0,08.02.–09.02.,
561,04.02.2005,39 %,32 %,11 %,7 %,5 %,,,,6 %,1.5,01.02.–02.02.,
562,28.01.2005,38 %,33 %,12 %,7 %,5 %,,,,5 %,1.0,25.01.–26.01.,
563,21.01.2005,38 %,33 %,12 %,8 %,4 %,,,,5 %,1.0,18.01.–19.01.,
564,14.01.2005,37 %,33 %,12 %,8 %,5 %,,,,5 %,1.0,11.01.–12.01.,
565,07.01.2005,38 %,33 %,12 %,8 %,5 %,,,,4 %,1.5,04.01.–05.01.,
566,23.12.2004,38 %,34 %,12 %,7 %,5 %,,,,4 %,1.0,20.12.–21.12.,
567,17.12.2004,40 %,32 %,11 %,7 %,5 %,,,,5 %,1.0,14.12.–15.12.,
568,10.12.2004,40 %,32 %,11 %,8 %,5 %,,,,4 %,1.0,07.12.–09.12.,
569,03.12.2004,40 %,33 %,11 %,7 %,4 %,,,,5 %,1.5,30.11.–01.12.,
570,26.11.2004,39 %,32 %,11 %,8 %,5 %,,,,5 %,1.0,23.11.–24.11.,
571,19.11.2004,39 %,32 %,12 %,7 %,5 %,,,,5 %,1.0,16.11.–17.11.,
572,12.11.2004,40 %,31 %,12 %,7 %,5 %,,,,5 %,1.0,09.11.–11.11.,
573,05.11.2004,40 %,30 %,13 %,8 %,5 %,,,,4 %,1.5,02.11.–04.11.,
574,29.10.2004,38 %,31 %,12 %,8 %,6 %,,,,5 %,1.0,26.10.–26.10.,
575,22.10.2004,38 %,31 %,12 %,8 %,5 %,,,,6 %,1.0,19.10.–20.10.,
576,15.10.2004,40 %,30 %,13 %,7 %,5 %,,,,5 %,1.0,12.10.–13.10.,
577,08.10.2004,41 %,29 %,12 %,7 %,6 %,,,,5 %,1.0,05.10.–07.10.,
578,01.10.2004,41 %,29 %,12 %,7 %,6 %,,,,5 %,1.5,28.09.–29.09.,
579,24.09.2004,43 %,26 %,13 %,7 %,6 %,,,,5 %,1.0,21.09.–22.09.,
580,17.09.2004,43 %,26 %,13 %,6 %,6 %,,,,6 %,1.0,14.09.–15.09.,
581,10.09.2004,44 %,26 %,13 %,6 %,6 %,,,,5 %,1.0,07.09.–09.09.,
582,03.09.2004,44 %,26 %,12 %,6 %,7 %,,,,5 %,1.5,31.08.–01.09.,
583,28.08.2004,43 %,25 %,12 %,7 %,7 %,,,,6 %,1.0,24.08.–25.08.,
584,20.08.2004,43 %,24 %,13 %,6 %,8 %,,,,6 %,1.0,17.08.–19.08.,
585,13.08.2004,44 %,24 %,12 %,7 %,8 %,,,,5 %,,,
586,06.08.2004,44 %,23 %,13 %,8 %,7 %,,,,5 %,1.5,03.08.–04.08.,
587,30.07.2004,44 %,25 %,12 %,7 %,7 %,,,,5 %,1.0,27.07.–29.07.,
588,23.07.2004,44 %,25 %,12 %,7 %,7 %,,,,5 %,1.0,20.07.–21.07.,
589,16.07.2004,46 %,23 %,13 %,7 %,7 %,,,,4 %,1.0,13.07.–14.07.,
590,12.07.2004,45 %,23 %,13 %,7 %,7 %,,,,5 %,1.0,06.07.–07.07.,
591,02.07.2004,45 %,23 %,13 %,7 %,7 %,,,,5 %,1.5,29.06.–30.06.,
592,25.06.2004,45 %,24 %,13 %,7 %,6 %,,,,5 %,1.0,22.06.–23.06.,
593,18.06.2004,45 %,24 %,12 %,8 %,6 %,,,,5 %,1.0,15.06.–16.06.,
594,11.06.2004,46 %,26 %,11 %,8 %,5 %,,,,4 %,1.0,08.06.–09.06.,
595,04.06.2004,46 %,27 %,11 %,6 %,5 %,,,,5 %,1.5,01.06.–02.06.,
596,28.05.2004,46 %,27 %,11 %,7 %,5 %,,,,4 %,1.0,24.05.–25.05.,
597,21.05.2004,47 %,26 %,11 %,6 %,5 %,,,,5 %,,,
598,14.05.2004,47 %,26 %,12 %,7 %,4 %,,,,4 %,1.0,11.05.–13.05.,
599,07.05.2004,46 %,27 %,12 %,7 %,4 %,,,,4 %,1.2,03.05.–05.05.,
600,30.04.2004,47 %,26 %,11 %,6 %,5 %,,,,5 %,1.0,27.04.–28.04.,
601,23.04.2004,46 %,27 %,11 %,6 %,5 %,,,,5 %,1.0,20.04.–21.04.,
602,16.04.2004,46 %,27 %,11 %,7 %,5 %,,,,4 %,1.0,13.04.–14.04.,
603,08.04.2004,46 %,27 %,11 %,7 %,5 %,,,,4 %,1.0,05.04.–06.04.,
604,02.04.2004,47 %,27 %,11 %,7 %,5 %,,,,3 %,1.2,29.03.–31.03.,
605,26.03.2004,48 %,26 %,11 %,6 %,5 %,,,,4 %,1.0,23.03.–24.03.,
606,19.03.2004,48 %,26 %,12 %,6 %,4 %,,,,4 %,1.0,16.03.–18.03.,
607,12.03.2004,49 %,25 %,11 %,6 %,5 %,,,,4 %,1.0,09.03.–10.03.,
608,05.03.2004,50 %,24 %,11 %,6 %,5 %,,,,4 %,1.2,02.03.–03.03.,
609,27.02.2004,47 %,25 %,11 %,9 %,5 %,,,,3 %,1.0,24.02.–25.02.,
610,20.02.2004,47 %,25 %,11 %,9 %,5 %,,,,3 %,1.0,16.02.–17.02.,
611,13.02.2004,48 %,24 %,11 %,8 %,5 %,,,,4 %,1.0,10.02.–11.02.,
612,06.02.2004,49 %,24 %,11 %,8 %,5 %,,,,3 %,1.2,02.02.–04.02.,
613,30.01.2004,48 %,25 %,11 %,8 %,5 %,,,,3 %,1.0,27.01.–28.01.,
614,23.01.2004,47 %,25 %,12 %,8 %,5 %,,,,3 %,1.0,20.01.–21.01.,
615,16.01.2004,48 %,26 %,11 %,7 %,5 %,,,,3 %,1.0,13.01.–14.01.,
616,09.01.2004,48 %,26 %,10 %,7 %,5 %,,,,4 %,1.2,05.01.–07.01.,
617,19.12.2003,49 %,26 %,11 %,6 %,4 %,,,,4 %,1.0,16.12.–17.12.,
618,12.12.2003,50 %,25 %,10 %,7 %,4 %,,,,4 %,1.0,09.12.–10.12.,
619,05.12.2003,51 %,26 %,10 %,6 %,3 %,,,,4 %,1.2,01.12.–03.12.,
620,28.11.2003,49 %,27 %,11 %,7 %,3 %,,,,3 %,1.0,25.11.–26.11.,
621,21.11.2003,49 %,27 %,11 %,7 %,3 %,,,,3 %,1.0,18.11.–19.11.,
622,14.11.2003,50 %,25 %,11 %,6 %,4 %,,,,4 %,1.0,11.11.–12.11.,
623,07.11.2003,51 %,24 %,10 %,7 %,4 %,,,,4 %,1.2,03.11.–05.11.,
624,31.10.2003,51 %,24 %,11 %,6 %,4 %,,,,4 %,1.0,28.10.–29.10.,
625,24.10.2003,50 %,25 %,12 %,6 %,3 %,,,,4 %,1.0,21.10.–22.10.,
626,22.10.2003,50 %,25 %,12 %,6 %,3 %,,,,4 %,1.0,20.10.–21.10.,
627,17.10.2003,50 %,26 %,11 %,5 %,3 %,,,,5 %,1.0,14.10.–16.10.,
628,10.10.2003,50 %,26 %,11 %,5 %,3 %,,,,5 %,1.0,07.10.–08.10.,
629,03.10.2003,50 %,27 %,11 %,5 %,3 %,,,,4 %,1.2,29.09.–01.10.,
630,26.09.2003,48 %,28 %,11 %,6 %,4 %,,,,3 %,1.0,23.09.–24.09.,
631,19.09.2003,46 %,29 %,10 %,7 %,4 %,,,,4 %,1.0,16.09.–17.09.,
632,12.09.2003,46 %,30 %,9 %,6 %,4 %,,,,5 %,1.0,09.09.–11.09.,
633,05.09.2003,46 %,29 %,10 %,6 %,4 %,,,,5 %,1.2,01.09.–03.09.,
634,29.08.2003,46 %,30 %,10 %,6 %,4 %,,,,4 %,1.0,26.08.–27.08.,
635,22.08.2003,46 %,30 %,10 %,7 %,4 %,,,,3 %,1.0,19.08.–21.08.,
636,15.08.2003,45 %,30 %,10 %,8 %,3 %,,,,4 %,1.0,12.08.–14.08.,
637,08.08.2003,46 %,30 %,10 %,7 %,4 %,,,,3 %,1.0,05.08.–07.08.,
638,01.08.2003,46 %,31 %,9 %,6 %,4 %,,,,4 %,1.2,28.07.–30.07.,
639,25.07.2003,45 %,31 %,10 %,7 %,4 %,,,,3 %,1.0,22.07.–23.07.,
640,18.07.2003,46 %,31 %,10 %,6 %,4 %,,,,3 %,1.0,15.07.–16.07.,
641,11.07.2003,46 %,32 %,9 %,6 %,4 %,,,,3 %,1.0,08.07.–09.07.,
642,04.07.2003,47 %,30 %,10 %,7 %,4 %,,,,2 %,1.2,30.06.–02.07.,
643,27.06.2003,47 %,30 %,10 %,6 %,4 %,,,,3 %,1.0,24.06.–25.06.,
644,20.06.2003,48 %,30 %,9 %,6 %,4 %,,,,3 %,1.0,17.06.–18.06.,
645,13.06.2003,47 %,29 %,10 %,7 %,4 %,,,,3 %,1.0,10.06.–11.06.,
646,06.06.2003,47 %,29 %,10 %,7 %,4 %,,,,3 %,1.2,02.06.–04.06.,
647,30.05.2003,46 %,30 %,11 %,7 %,4 %,,,,2 %,1.0,26.05.–27.05.,
648,23.05.2003,47 %,28 %,10 %,8 %,4 %,,,,3 %,1.0,20.05.–22.05.,
649,16.05.2003,48 %,27 %,10 %,8 %,4 %,,,,3 %,1.0,13.05.–15.05.,
650,09.05.2003,47 %,29 %,11 %,7 %,4 %,,,,2 %,1.0,06.05.–07.05.,
651,02.05.2003,48 %,28 %,10 %,7 %,4 %,,,,3 %,1.0,28.04.–30.04.,
652,25.04.2003,46 %,30 %,12 %,6 %,3 %,,,,3 %,1.0,22.04.–23.04.,
653,18.04.2003,47 %,30 %,11 %,5 %,4 %,,,,3 %,1.0,14.04.–15.04.,
654,11.04.2003,46 %,31 %,10 %,6 %,3 %,,,,4 %,1.0,08.04.–09.04.,
655,04.04.2003,45 %,31 %,11 %,6 %,3 %,,,,4 %,1.3,31.03.–02.04.,
656,28.03.2003,46 %,31 %,11 %,5 %,3 %,,,,4 %,1.0,25.03.–27.03.,
657,21.03.2003,47 %,30 %,10 %,5 %,4 %,,,,4 %,1.0,18.03.–20.03.,
658,14.03.2003,49 %,28 %,11 %,6 %,3 %,,,,3 %,1.0,11.03.–12.03.,
659,07.03.2003,49 %,27 %,12 %,6 %,3 %,,,,3 %,1.3,04.03.–05.03.,
660,28.02.2003,49 %,28 %,11 %,6 %,4 %,,,,2 %,1.0,25.02.–27.02.,
661,21.02.2003,49 %,28 %,11 %,6 %,3 %,,,,3 %,1.0,,
662,14.02.2003,49 %,27 %,12 %,6 %,3 %,,,,3 %,1.0,11.02.–12.02.,
663,07.02.2003,49 %,28 %,11 %,6 %,3 %,,,,3 %,1.3,04.02.–05.02.,
664,31.01.2003,47 %,30 %,10 %,7 %,3 %,,,,3 %,1.0,27.01.–29.01.,
665,24.01.2003,47 %,30 %,10 %,7 %,3 %,,,,3 %,,,
666,17.01.2003,47 %,30 %,11 %,6 %,3 %,,,,3 %,1.0,13.01.–15.01.,
667,10.01.2003,48 %,29 %,12 %,5 %,3 %,,,,3 %,1.0,07.01.–09.01.,
668,03.01.2003,47 %,31 %,10 %,5 %,4 %,,,,3 %,1.0,02.01.,
669,20.12.2002,47 %,30 %,11 %,5 %,4 %,,,,3 %,1.0,16.12.–17.12.,
670,12.12.2002,47 %,29 %,11 %,6 %,4 %,,,,3 %,,,
671,06.12.2002,48 %,28 %,12 %,5 %,4 %,,,,3 %,1.3,02.12.–04.12.,
672,29.11.2002,48 %,30 %,11 %,5 %,4 %,,,,2 %,1.0,25.11.–27.11.,
673,21.11.2002,48 %,30 %,11 %,4 %,4 %,,,,3 %,1.0,18.11.–20.11.,
674,15.11.2002,46 %,32 %,10 %,5 %,4 %,,,,3 %,1.0,11.11.–13.11.,
675,07.11.2002,44 %,34 %,10 %,5 %,4 %,,,,3 %,1.0,04.11.–06.11.,
676,01.11.2002,43 %,35 %,9 %,6 %,4 %,,,,3 %,1.299,28.10.–30.10.,
677,25.10.2002,41 %,36 %,10 %,6 %,4 %,,,,3 %,1.0,21.10.–23.10,
678,18.10.2002,40 %,37 %,10 %,6 %,4 %,,,,3 %,1.0,14.10.–16.10.,
679,11.10.2002,39 %,38 %,9 %,7 %,4 %,,,,3 %,1.1,07.10.–09.10.,
680,04.10.2002,39 %,38 %,9 %,7 %,4 %,,,,3 %,1.3,30.09.–02.10.,
681,13.09.2002,"36,0 %","38,5 %","8,0 %","8,5 %","4,7 %",,,,"4,3 %",2.0,09.09.–12.09.,
682,09.09.2002,38 %,39 %,"7,5 %","8,5 %",4 %,,,,3 %,1.0,09.09.,
683,06.09.2002,"39,5 %",38 %,"7,5 %","8,5 %",4 %,,,,"2,5 %",2.324,02.09.–04.09.,
684,04.09.2002*,40 %,39 %,7 %,8 %,4 %,,,,2 %,1.0,26.08.–03.09.,
685,30.08.2002,41 %,39 %,7 %,7 %,4 %,,,,2 %,1.0,26.08.–29.08.,
686,23.08.2002,41 %,36 %,7 %,8 %,4 %,,,,4 %,1.0,19.08.–22.08.,
687,16.08.2002,40 %,34 %,7 %,10 %,5 %,,,,4 %,,,
688,09.08.2002,41 %,34 %,7 %,9 %,5 %,,,,4 %,1.0,05.08.–08.08.,
689,02.08.2002,40 %,35 %,7 %,9 %,5 %,,,,4 %,1.821,29.07.–01.08.,
690,26.07.2002,41 %,35 %,7 %,9 %,5 %,,,,3 %,1.1,,
691,19.07.2002,40 %,35 %,6 %,9 %,6 %,,,,4 %,1.0,15.07.–18.07.,
692,11.07.2002,40 %,35 %,6 %,9 %,6 %,,,,4 %,1.1,,
693,05.07.2002,40 %,36 %,6 %,9 %,6 %,,,,3 %,1.3,01.07.–03.07.,
694,27.06.2002,39 %,36 %,6 %,10 %,6 %,,,,3 %,550.0,,
695,21.06.2002,39 %,36 %,7 %,10 %,6 %,,,,2 %,1.1,,
696,13.06.2002,39 %,35 %,7 %,10 %,6 %,,,,3 %,,,
697,06.06.2002,39 %,34 %,8 %,10 %,6 %,,,,3 %,1.303,03.06.–05.06.,
698,31.05.2002,39 %,33 %,7 %,11 %,6 %,,,,4 %,,,
699,24.05.2002,39 %,32 %,7 %,13 %,6 %,,,,3 %,,,
700,17.05.2002,40 %,32 %,7 %,12 %,6 %,,,,3 %,,,
701,15.05.2002*,40 %,32 %,7 %,12 %,6 %,,,,3 %,,,
702,10.05.2002,41 %,31 %,7 %,11 %,6 %,,,,4 %,,,
703,03.05.2002,41 %,32 %,7 %,11 %,5 %,,,,4 %,1.0,29.04.–01.05.,
704,26.04.2002,39 %,34 %,7 %,10 %,6 %,,,,4 %,,,
705,19.04.2002,39 %,35 %,7 %,9 %,6 %,,,,4 %,,,
706,12.04.2002,39 %,35 %,7 %,9 %,7 %,,,,3 %,,,
707,10.04.2002*,40 %,34 %,7 %,9 %,7 %,,,,3 %,,,
708,05.04.2002,39 %,34 %,7 %,9 %,7 %,,,,4 %,1.3,28.03.–03.04.,
709,27.03.2002,39 %,35 %,8 %,9 %,6 %,,,,3 %,,,
710,22.03.2002,41 %,36 %,7 %,8 %,5 %,,,,3 %,,,
711,15.03.2002,41 %,36 %,7 %,8 %,6 %,,,,2 %,,,
712,08.03.2002,40 %,36 %,6 %,9 %,6 %,,,,3 %,,,
713,01.03.2002,40 %,36 %,6 %,9 %,6 %,,,,3 %,1.3,21.02.–26.02.,
714,22.02.2002,41 %,35 %,6 %,9 %,6 %,,,,3 %,,,
715,15.02.2002,41 %,36 %,6 %,8 %,6 %,,,,3 %,,,
716,08.02.2002,41 %,36 %,6 %,8 %,6 %,,,,3 %,,,
717,01.02.2002,41 %,36 %,6 %,8 %,7 %,,,,2 %,,24.01.–29.01.,
718,25.01.2002,40 %,36 %,6 %,9 %,7 %,,,,2 %,,,
719,18.01.2002,39 %,37 %,6 %,9 %,7 %,,,,2 %,,,
720,11.01.2002,39 %,38 %,5 %,8 %,7 %,,,,3 %,,03.01.–08.01.,
721,04.01.2002,38 %,38 %,6 %,8 %,7 %,,,,3 %,,,
