,date,CDU/CSU,SPD,GRÜNE,FDP,LINKE,FW,AfD,BSW,Sonstige,Befragte,Zeitraum,PIRATEN
0,27.01.2026,25 %,"14,5 %","11,5 %",4 %,"10,5 %",–,26 %,"4,5 %",4 %,O • 2.008,23.01.–26.01.,
1,24.01.2026,25 %,15 %,11 %,4 %,10 %,–,26 %,4 %,5 %,TOM • 1.204,19.01.–23.01.,
2,20.01.2026,25 %,14 %,12 %,4 %,"10,5 %",–,26 %,4 %,"4,5 %",O • 2.004,16.01.–19.01.,
3,17.01.2026,25 %,14 %,12 %,4 %,11 %,–,26 %,4 %,4 %,TOM • 1.202,12.01.–16.01.,
4,12.01.2026,"24,5 %","14,5 %",12 %,4 %,10 %,–,26 %,4 %,5 %,O • 2.010,09.01.–12.01.,
5,10.01.2026,24 %,14 %,12 %,4 %,11 %,–,26 %,3 %,6 %,TOM • 1.205,05.01.–09.01.,
6,06.01.2026,25 %,"14,5 %",11 %,"3,5 %",11 %,–,"25,5 %",4 %,"5,5 %",O • 2.008,02.01.–05.01.,
7,03.01.2026,25 %,14 %,11 %,4 %,11 %,–,26 %,4 %,5 %,TOM • 1.004,30.12.–02.01.,
8,23.12.2025,"24,5 %",14 %,"11,5 %","3,5 %",11 %,–,26 %,4 %,"5,5 %",O • 2.002,19.12.–22.12.,
9,21.12.2025,24 %,14 %,12 %,4 %,11 %,–,26 %,4 %,5 %,TOM • 1.201,15.12.–19.12.,
10,16.12.2025,25 %,14 %,"10,5 %",4 %,"10,5 %",–,26 %,"4,5 %","5,5 %",O • 2.006,12.12.–15.12.,
11,13.12.2025,24 %,14 %,11 %,4 %,11 %,–,26 %,4 %,6 %,TOM • 1.201,08.12.–12.12.,
12,09.12.2025,"24,5 %",15 %,"10,5 %",4 %,11 %,–,"26,5 %",4 %,"4,5 %",O • 2.007,05.12.–08.12.,
13,06.12.2025,25 %,15 %,10 %,4 %,11 %,–,26 %,4 %,5 %,TOM • 1.206,01.12.–05.12.,
14,02.12.2025,"24,5 %","14,5 %",11 %,"3,5 %","10,5 %",–,27 %,4 %,5 %,O • 2.002,28.11.–01.12.,
15,28.11.2025,25 %,15 %,11 %,3 %,10 %,–,27 %,4 %,5 %,TOM • 1.198,24.11.–28.11.,
16,24.11.2025,"25,5 %",15 %,11 %,3 %,"10,5 %",–,26 %,4 %,5 %,O • 2.008,21.11.–24.11.,
17,22.11.2025,25 %,15 %,11 %,3 %,10 %,–,26 %,4 %,6 %,TOM • 1.208,17.11.–21.11.,
18,17.11.2025,"24,5 %",15 %,11 %,"3,5 %",11 %,–,26 %,4 %,5 %,O • 2.006,14.11.–17.11.,
19,15.11.2025,25 %,15 %,11 %,3 %,11 %,–,26 %,4 %,5 %,TOM • 1.203,10.11.–14.11.,
20,11.11.2025,25 %,"15,5 %","11,5 %",3 %,"10,5 %",–,26 %,4 %,"4,5 %",O • 2.010,07.11.–10.11.,
21,08.11.2025,25 %,15 %,12 %,3 %,11 %,–,26 %,4 %,4 %,TOM • 1.205,03.11.–07.11.,
22,03.11.2025,"25,5 %",15 %,11 %,3 %,11 %,–,"25,5 %",4 %,5 %,O • 2.002,30.10.–03.11.,
23,01.11.2025,25 %,15 %,11 %,3 %,11 %,–,26 %,4 %,5 %,TOM • 1.202,27.10.–30.10.,
24,27.10.2025,"24,5 %",15 %,11 %,"3,5 %","11,5 %",–,26 %,4 %,"4,5 %",O • 2.004,24.10.–27.10.,
25,24.10.2025,24 %,15 %,11 %,4 %,11 %,–,26 %,4 %,5 %,TOM • 1.205,20.10.–24.10.,
26,20.10.2025,"24,5 %",14 %,11 %,4 %,11 %,–,27 %,"4,5 %",4 %,O • 2.006,17.10.–20.10.,
27,18.10.2025,25 %,14 %,11 %,4 %,11 %,–,27 %,4 %,4 %,TOM • 1.200,13.10.–17.10.,
28,14.10.2025,25 %,14 %,"11,5 %",4 %,"10,5 %",–,"26,5 %",4 %,"4,5 %",O • 2.008,10.10.–13.10.,
29,11.10.2025,24 %,14 %,12 %,4 %,11 %,–,26 %,4 %,5 %,TOM • 1.224,06.10.–10.10.,
30,06.10.2025,"24,5 %","14,5 %",11 %,"3,5 %","11,5 %",–,"26,5 %",4 %,"4,5 %",O • 2.010,02.10.–06.10.,
31,04.10.2025,24 %,14 %,11 %,4 %,12 %,–,26 %,4 %,5 %,TOM • 1.186,29.09.–02.10.,
32,29.09.2025,25 %,"15,5 %","11,5 %",3 %,11 %,–,26 %,4 %,4 %,O • 2.006,26.09.–29.09.,
33,26.09.2025,25 %,15 %,12 %,3 %,11 %,–,26 %,4 %,4 %,TOM • 1.200,22.09.–26.09.,
34,23.09.2025,"24,5 %","14,5 %",11 %,"3,5 %","11,5 %",–,26 %,4 %,5 %,O • 2.002,19.09.–22.09.,
35,20.09.2025,25 %,15 %,11 %,3 %,11 %,–,26 %,4 %,5 %,TOM • 1.200,15.09.–19.09.,
36,16.09.2025,"25,5 %","14,5 %","11,5 %",3 %,11 %,–,"25,5 %",4 %,5 %,O • 2.004,12.09.–15.09.,
37,13.09.2025,25 %,14 %,12 %,3 %,11 %,–,25 %,4 %,6 %,TOM • 1.204,08.09.–12.09.,
38,08.09.2025,"25,5 %","14,5 %",11 %,"3,5 %",10 %,–,"25,5 %","4,5 %","5,5 %",O • 2.006,05.09.–08.09.,
39,07.09.2025,26 %,15 %,12 %,3 %,11 %,–,25 %,4 %,4 %,TOM • 1.287,01.09.–05.09.,
40,01.09.2025,"25,5 %","14,5 %",11 %,"3,5 %",11 %,–,25 %,4 %,"5,5 %",O • 2.004,29.08.–01.09.,
41,29.08.2025,26 %,15 %,11 %,3 %,11 %,–,25 %,4 %,5 %,TOM • 1.202,25.08.–29.08.,
42,25.08.2025,25 %,15 %,"10,5 %","3,5 %",11 %,–,25 %,"4,5 %","5,5 %",O • 2.002,22.08.–25.08.,
43,23.08.2025,25 %,15 %,11 %,3 %,11 %,–,25 %,4 %,6 %,TOM • 1.201,18.08.–22.08.,
44,19.08.2025,26 %,"14,5 %",11 %,4 %,10 %,–,25 %,5 %,"4,5 %",O • 2.010,15.08.–18.08.,
45,15.08.2025,26 %,15 %,11 %,4 %,9 %,–,25 %,4 %,6 %,TOM • 1.206,11.08.–15.08.,
46,11.08.2025,27 %,"14,5 %","10,5 %","3,5 %","9,5 %",–,25 %,"4,5 %","5,5 %",O • 2.008,08.08.–11.08.,
47,09.08.2025,27 %,15 %,11 %,4 %,9 %,–,25 %,4 %,5 %,TOM • 1.204,03.08.–08.08.,
48,04.08.2025,"27,5 %","14,5 %","10,5 %",3 %,"9,5 %",–,25 %,"4,5 %","5,5 %",O • 2.004,01.08.–04.08.,
49,02.08.2025,27 %,15 %,11 %,3 %,10 %,–,25 %,4 %,5 %,TOM • 1.203,28.07.–01.08.,
50,28.07.2025,"27,5 %","14,5 %","10,5 %","3,5 %",10 %,–,24 %,"4,5 %","5,5 %",O • 2.006,25.07.–28.07.,
51,26.07.2025,27 %,15 %,11 %,3 %,10 %,–,24 %,4 %,6 %,TOM • 1.203,21.07.–25.07.,
52,21.07.2025,"27,5 %",14 %,"10,5 %","3,5 %","10,5 %",–,24 %,"4,5 %","5,5 %",O • 2.005,18.07.–21.07.,
53,19.07.2025,27 %,15 %,11 %,3 %,11 %,–,24 %,5 %,4 %,TOM • 1.205,14.07.–18.07.,
54,14.07.2025,"27,5 %",15 %,11 %,"3,5 %","10,5 %",–,"23,5 %","4,5 %","4,5 %",O • 2.004,11.07.–14.07.,
55,12.07.2025,28 %,15 %,11 %,3 %,11 %,–,24 %,4 %,4 %,TOM • 1.202,07.07.–11.07.,
56,07.07.2025,28 %,"14,5 %",11 %,"3,5 %",11 %,–,"23,5 %","4,5 %",4 %,O • 2.007,04.07.–07.07.,
57,05.07.2025,28 %,15 %,11 %,4 %,11 %,–,24 %,4 %,3 %,TOM • 1.205,30.06.–04.07.,
58,01.07.2025,28 %,"15,5 %","11,5 %","3,5 %","9,5 %",–,"23,5 %",5 %,"3,5 %",O • 2.008,27.06.–30.06.,
59,27.06.2025,28 %,16 %,11 %,3 %,9 %,–,24 %,5 %,4 %,TOM • 1.202,23.06.–27.06.,
60,23.06.2025,"27,5 %",16 %,"11,5 %",4 %,10 %,–,23 %,"4,5 %","3,5 %",O • 2.002,20.06.–23.06.,
61,21.06.2025,28 %,16 %,11 %,4 %,9 %,–,23 %,4 %,5 %,TOM • 1.205,16.06.–20.06.,
62,16.06.2025,27 %,16 %,"11,5 %",4 %,"10,5 %",–,23 %,4 %,4 %,O • 2.006,13.06.–16.06.,
63,14.06.2025,27 %,17 %,11 %,4 %,10 %,–,23 %,4 %,4 %,TOM • 1.203,10.06.–13.06.,
64,10.06.2025,"27,5 %",16 %,11 %,4 %,10 %,–,"22,5 %","4,5 %",4 %,O • 2.004,06.06.–10.06.,
65,07.06.2025,27 %,16 %,11 %,4 %,10 %,–,23 %,4 %,5 %,TOM • 1.202,02.06.–06.06.,
66,02.06.2025,"26,5 %",16 %,"10,5 %",4 %,"10,5 %",–,"24,5 %",4 %,4 %,O • 2.002,30.05.–02.06.,
67,31.05.2025,26 %,17 %,10 %,4 %,11 %,–,24 %,4 %,4 %,TOM • 1.203,26.05.–30.05.,
68,26.05.2025,26 %,16 %,11 %,"3,5 %",10 %,–,"24,5 %","4,5 %","4,5 %",O • 2.006,23.05.–26.05.,
69,24.05.2025,27 %,16 %,11 %,4 %,10 %,–,24 %,4 %,4 %,TOM • 1.198,19.05.–23.05.,
70,19.05.2025,26 %,"15,5 %",11 %,"3,5 %",10 %,–,"24,5 %",4 %,"5,5 %",O • 2.008,16.05.–19.05.,
71,16.05.2025,26 %,16 %,11 %,3 %,10 %,–,25 %,4 %,5 %,TOM • 1.205,12.05.–16.05.,
72,12.05.2025,25 %,16 %,11 %,"3,5 %",10 %,–,"24,5 %",4 %,6 %,O • 2.004,09.05.–12.05.,
73,10.05.2025,25 %,16 %,11 %,4 %,10 %,–,24 %,4 %,6 %,TOM • 1.203,05.05.–09.05.,
74,05.05.2025,"24,5 %",16 %,11 %,4 %,10 %,–,"24,5 %",4 %,6 %,O • 2.003,02.05.–05.05.,
75,03.05.2025,25 %,16 %,12 %,4 %,10 %,–,24 %,4 %,5 %,TOM • 1.204,28.04.–02.05.,
76,28.04.2025,25 %,"15,5 %",11 %,3 %,10 %,–,25 %,4 %,"6,5 %",O • 2.006,25.04.–28.04.,
77,25.04.2025,25 %,15 %,12 %,3 %,10 %,–,25 %,4 %,6 %,TOM • 1.204,22.04.–25.04.,
78,22.04.2025,25 %,15 %,11 %,"3,5 %",10 %,–,25 %,5 %,"5,5 %",O • 2.010,17.04.–22.04.,
79,19.04.2025,25 %,16 %,11 %,4 %,10 %,–,24 %,5 %,5 %,TOM • 1.205,14.04.–17.04.,
80,14.04.2025,"25,5 %",16 %,11 %,"3,5 %",10 %,–,"24,5 %","4,5 %",5 %,O • 2.002,11.04.–14.04.,
81,12.04.2025,25 %,16 %,11 %,3 %,10 %,–,24 %,5 %,6 %,TOM • 1.202,07.04.–11.04.,
82,07.04.2025,"24,5 %",16 %,"10,5 %",4 %,"10,5 %",–,"24,5 %","4,5 %","5,5 %",O • 2.008,04.04.–07.04.,
83,05.04.2025,24 %,16 %,11 %,4 %,11 %,–,24 %,4 %,6 %,TOM • 1.206,31.03.–04.04.,
84,31.03.2025,"26,5 %","15,5 %",12 %,"3,5 %","10,5 %",–,"23,5 %","4,5 %",4 %,O • 2.006,28.03.–31.03.,
85,29.03.2025,26 %,16 %,12 %,3 %,10 %,–,23 %,5 %,5 %,TOM • 1.204,24.03.–28.03.,
86,24.03.2025,27 %,"14,5 %",12 %,"3,5 %","10,5 %",–,"23,5 %","4,5 %","4,5 %",O • 2.004,21.03.–24.03.,
87,21.03.2025,27 %,15 %,12 %,3 %,10 %,–,23 %,5 %,5 %,TOM • 1.202,17.03.–21.03.,
88,17.03.2025,29 %,"15,5 %",11 %,3 %,"10,5 %",–,22 %,5 %,4 %,O • 2.008,14.03.–17.03.,
89,15.03.2025,28 %,16 %,11 %,3 %,10 %,–,22 %,5 %,5 %,TOM • 1.201,10.03.–14.03.,
90,10.03.2025,"28,5 %","16,5 %","10,5 %","3,5 %","10,5 %",–,22 %,"4,5 %",4 %,O • 2.003,07.03.–10.03.,
91,09.03.2025,28 %,16 %,11 %,4 %,10 %,–,21 %,5 %,5 %,TOM • 1.201,03.03.–07.03.,
92,04.03.2025,"29,5 %","15,5 %",11 %,"3,5 %","9,5 %",–,22 %,5 %,4 %,O • 2.002,28.02.–03.03.,
93,02.03.2025,30 %,15 %,11 %,4 %,9 %,–,22 %,5 %,4 %,O • 1.001,24.02.–28.02.,
94,22.02.2025,"29,5 %",15 %,"12,5 %","4,5 %","7,5 %",–,21 %,5 %,5 %,O • 2.005,21.02.–22.02.,
95,20.02.2025,30 %,15 %,13 %,4 %,7 %,–,21 %,5 %,5 %,O • 2.503,18.02.–19.02.,
96,17.02.2025,30 %,15 %,13 %,"4,5 %","6,5 %",–,22 %,5 %,4 %,O • 2.010,14.02.–17.02.,
97,15.02.2025,30 %,15 %,13 %,4 %,6 %,–,21 %,5 %,6 %,TOM • 1.205,10.02.–14.02.,
98,10.02.2025,30 %,"15,5 %",13 %,4 %,6 %,–,22 %,"5,5 %",4 %,O • 2.006,07.02.–10.02.,
99,08.02.2025,29 %,16 %,12 %,4 %,5 %,–,21 %,6 %,7 %,TOM • 1.204,03.02.–07.02.,
100,03.02.2025,30 %,16 %,13 %,"4,5 %",5 %,–,22 %,"5,5 %",4 %,O • 2.004,31.01.–03.02.,
101,01.02.2025,30 %,17 %,12 %,4 %,4 %,–,22 %,6 %,5 %,TOM • 1.203,30.01.–31.01.,
102,30.01.2025,29 %,17 %,13 %,4 %,4 %,–,22 %,6 %,5 %,O • 1.001,30.01.–30.01.,
103,27.01.2025,30 %,"15,5 %","12,5 %","4,5 %","4,5 %",–,22 %,6 %,5 %,O • 2.006,24.01.–27.01.,
104,25.01.2025,30 %,16 %,12 %,4 %,4 %,–,21 %,7 %,6 %,TOM • 1.203,20.01.–24.01.,
105,20.01.2025,29 %,16 %,13 %,5 %,4 %,–,"21,5 %",7 %,"4,5 %",O • 2.008,17.01.–20.01.,
106,18.01.2025,29 %,16 %,13 %,5 %,4 %,–,21 %,7 %,5 %,TOM • 1.206,13.01.–17.01.,
107,13.01.2025,31 %,15 %,13 %,4 %,"3,5 %",–,22 %,"6,5 %",5 %,O • 2.005,10.01.–13.01.,
108,11.01.2025,30 %,16 %,13 %,4 %,3 %,–,22 %,6 %,6 %,TOM • 1.205,06.01.–10.01.,
109,06.01.2025,31 %,"15,5 %","13,5 %",4 %,3 %,–,"21,5 %","6,5 %",5 %,O • 2.001,03.01.–06.01.,
110,04.01.2025,31 %,16 %,13 %,4 %,3 %,–,20 %,7 %,6 %,TOM • 1.201,30.12.–03.01.,
111,30.12.2024,31 %,"16,5 %",12 %,"3,5 %",4 %,–,"20,5 %",7 %,"5,5 %",O • 2.004,27.12.–30.12.,
112,28.12.2024,31 %,17 %,12 %,4 %,3 %,–,20 %,7 %,6 %,O • 1.002,23.12.–27.12.,
113,23.12.2024,31 %,16 %,"12,5 %",5 %,3 %,–,"19,5 %",8 %,5 %,O • 2.010,20.12.–23.12.,
114,21.12.2024,32 %,16 %,12 %,5 %,3 %,–,20 %,8 %,4 %,TOM • 1.205,16.12.–19.12.,
115,16.12.2024,"31,5 %","16,5 %","11,5 %",5 %,"2,5 %",–,"19,5 %","8,0 %","5,5 %",O • 2.002,13.12.–16.12.,
116,14.12.2024,31 %,17 %,11 %,5 %,3 %,–,20 %,8 %,5 %,TOM • 1.203,09.12.–13.12.,
117,09.12.2024,"31,5 %",17 %,"11,5 %","4,5 %","3,0 %",–,"19,5 %","8,0 %","5,0 %",O • 2.004,06.12.–09.12.,
118,07.12.2024,32 %,16 %,12 %,4 %,4 %,–,19 %,8 %,5 %,TOM • 1.202,02.12.–06.12.,
119,02.12.2024,"31,5 %",16 %,13 %,"4,5 %","3,5 %",–,"18,5 %","7,5 %","5,5 %",O • 2.003,29.11.–02.12.,
120,30.11.2024,32 %,15 %,13 %,5 %,3 %,–,18 %,8 %,6 %,TOM • 1.201,25.11.–29.11.,
121,25.11.2024,"32,5 %",15 %,11 %,"4,5 %","3,5 %",–,"19,5 %","7,5 %","6,5 %",O • 2.003,22.11.–25.11.,
122,23.11.2024,32 %,14 %,11 %,5 %,4 %,–,19 %,7 %,8 %,TOM • 1.203,18.11.–21.11.,
123,18.11.2024,32 %,16 %,11 %,"4,5 %","3,5 %",–,19 %,"7,5 %","6,5 %",O • 2.008,15.11.–18.11.,
124,16.11.2024,32 %,16 %,10 %,4 %,4 %,–,19 %,8 %,7 %,TOM • 1.204,11.11.–15.11.,
125,11.11.2024,"32,5 %","15,5 %","11,5 %",5 %,"3,5 %",–,"19,5 %",7 %,"5,5 %",O • 3.009,08.11.–11.11.,
126,09.11.2024,32 %,15 %,10 %,4 %,4 %,–,19 %,7 %,9 %,TOM • 1.065,07.11.–08.11.,
127,05.11.2024,32 %,"15,5 %","10,5 %","4,5 %","3,5 %",–,18 %,8 %,8 %,O • 2.005,01.11.–04.11.,
128,02.11.2024,32 %,16 %,10 %,4 %,4 %,–,18 %,8 %,8 %,TOM • 1.202,28.10.–01.11.,
129,28.10.2024,31 %,15 %,11 %,4 %,"2,5 %",–,19 %,9 %,"8,5 %",O • 2.008,25.10.–28.10.,
130,26.10.2024,30 %,15 %,11 %,4 %,3 %,–,19 %,9 %,9 %,TOM • 1.204,21.10.–25.10.,
131,21.10.2024,"30,5 %","16,5 %",10 %,4 %,"2,5 %",–,19 %,9 %,"8,5 %",O • 2.006,18.10.–21.10.,
132,19.10.2024,31 %,16 %,10 %,4 %,3 %,–,19 %,9 %,8 %,TOM • 1.201,14.10.–18.10.,
133,14.10.2024,"31,5 %",16 %,10 %,4 %,"3,5 %",–,"18,5 %",9 %,"7,5 %",O • 2.002,11.10.–14.10.,
134,12.10.2024,31 %,16 %,11 %,4 %,3 %,–,19 %,9 %,7 %,TOM • 1.202,07.10.–11.10.,
135,07.10.2024,"31,5 %",16 %,"10,5 %",4 %,"2,5 %",–,20 %,8 %,"7,5 %",O • 2.010,04.10.–07.10.,
136,05.10.2024,31 %,16 %,11 %,4 %,3 %,–,20 %,8 %,7 %,TOM • 1.237,30.09.–04.10.,
137,30.09.2024,"31,5 %",15 %,11 %,4 %,"2,5 %",–,19 %,"9,5 %","7,5 %",O • 2.002,27.09.–30.09.,
138,28.09.2024,32 %,15 %,11 %,4 %,3 %,–,19 %,10 %,6 %,TOM • 1.203,23.09.–27.09.,
139,23.09.2024,32 %,"15,5 %","9,5 %","3,5 %","2,5 %",–,20 %,10 %,7 %,O • 2.002,20.09.–23.09.,
140,21.09.2024,32 %,15 %,10 %,4 %,2 %,–,20 %,10 %,7 %,TOM • 1.202,16.09.–19.09.,
141,16.09.2024,33 %,14 %,10 %,"4,5 %","2,5 %",–,"19,5 %",10 %,"6,5 %",O • 2.008,13.09.–16.09.,
142,14.09.2024,33 %,14 %,10 %,4 %,3 %,–,19 %,10 %,7 %,TOM • 1.206,09.09.–13.09.,
143,10.09.2024,"32,5 %",14 %,10 %,4 %,"2,5 %",–,"19,5 %",10 %,"7,5 %",O • 2.010,06.09.–09.09.,
144,07.09.2024,31 %,15 %,10 %,4 %,3 %,–,19 %,10 %,8 %,TOM • 1.202,02.09.–06.09.,
145,02.09.2024,"31,5 %",15 %,"10,5 %","4,5 %","2,5 %",–,19 %,"9,5 %","7,5 %",O • 2.002,30.08.–02.09.,
146,31.08.2024,31 %,16 %,11 %,4 %,3 %,–,19 %,9 %,7 %,TOM • 1.202,26.08.–30.08.,
147,26.08.2024,"31,5 %",15 %,"11,5 %","5,5 %",3 %,–,"18,5 %",9 %,6 %,O • 2.004,23.08.–26.08.,
148,24.08.2024,31 %,16 %,11 %,5 %,3 %,–,18 %,9 %,7 %,TOM • 1.202,19.08.–23.08.,
149,20.08.2024,"30,5 %","15,5 %","10,5 %",5 %,3 %,–,19 %,"9,5 %",7 %,O • 2.006,16.08.–19.08.,
150,17.08.2024,30 %,16 %,11 %,5 %,3 %,–,19 %,9 %,7 %,TOM • 1.203,12.08.–16.08.,
151,13.08.2024,"30,5 %",15 %,"10,5 %",5 %,3 %,–,18 %,"9,5 %","8,5 %",O • 2.008,09.08.–12.08.,
152,10.08.2024,31 %,16 %,10 %,5 %,3 %,–,18 %,9 %,8 %,TOM • 1.203,05.08.–09.08.,
153,06.08.2024,"30,5 %",15 %,"10,5 %",5 %,3 %,–,17 %,"9,5 %","9,5 %",O • 2.002,02.08.–05.08.,
154,03.08.2024,31 %,15 %,10 %,5 %,3 %,–,18 %,9 %,9 %,TOM • 1.199,29.07.–02.08.,
155,29.07.2024,30 %,15 %,10 %,5 %,"3,5 %",–,18 %,"9,5 %",9 %,O • 2.006,26.07.–29.07.,
156,27.07.2024,30 %,15 %,11 %,5 %,3 %,–,18 %,10 %,8 %,TOM • 1.203,22.07.–26.07.,
157,22.07.2024,31 %,15 %,"10,5 %",5 %,"3,5 %",–,17 %,9 %,9 %,O • 2.010,19.07.–22.07.,
158,20.07.2024,30 %,15 %,11 %,5 %,3 %,–,17 %,9 %,10 %,TOM • 1.207,15.07.–19.07.,
159,16.07.2024,31 %,15 %,"11,5 %",5 %,3 %,–,18 %,"8,5 %",8 %,O • 2.500,12.07.–15.07.,
160,13.07.2024,30 %,15 %,12 %,5 %,2 %,–,18 %,9 %,9 %,TOM • 1.449,08.07.–12.07.,
161,08.07.2024,"30,5 %",15 %,11 %,"5,5 %",3 %,"1,5 %","17,5 %","8,5 %","7,5 %",O • 2.007,05.07.–08.07.,
162,05.07.2024,30 %,15 %,11 %,5 %,2 %,–,18 %,9 %,10 %,TOM • 1.204,01.07.–05.07.,
163,01.07.2024,"29,5 %",15 %,12 %,"5,5 %","2,5 %",2 %,"17,5 %","8,5 %","7,5 %",O • 2.006,28.06.–01.07.,
164,29.06.2024,30 %,15 %,12 %,6 %,2 %,2 %,17 %,9 %,7 %,TOM • 1.203,24.06.–28.06.,
165,25.06.2024,"30,5 %","14,5 %","11,5 %",5 %,3 %,2 %,"17,5 %","8,5 %","7,5 %",O • 2.008,21.06.–24.06.,
166,23.06.2024,30 %,15 %,12 %,5 %,3 %,2 %,17 %,8 %,8 %,TOM • 1.204,17.06.–21.06.,
167,17.06.2024,31 %,15 %,11 %,5 %,3 %,2 %,17 %,8 %,8 %,O • 2.010,14.06.–17.06.,
168,15.06.2024,31 %,16 %,11 %,5 %,3 %,2 %,17 %,7 %,8 %,TOM • 1.205,10.06.–14.06.,
169,11.06.2024,30 %,"15,5 %",12 %,5 %,3 %,"2,5 %",16 %,"7,5 %","8,5 %",O • 2.008,07.06.–10.06.,
170,08.06.2024,30 %,16 %,12 %,5 %,3 %,3 %,16 %,8 %,7 %,TOM • 1.203,03.06.–07.06.,
171,04.06.2024,"30,5 %",16 %,12 %,5 %,"3,5 %","2,5 %","15,5 %","7,5 %","7,5 %",O • 2.002,31.05.–03.06.,
172,01.06.2024,31 %,16 %,12 %,5 %,3 %,3 %,16 %,7 %,7 %,TOM • 1.205,27.05.–31.05.,
173,28.05.2024,"30,5 %",15 %,12 %,5 %,3 %,"2,5 %",17 %,7 %,8 %,O • 2.004,24.05.–27.05.,
174,25.05.2024,30 %,15 %,13 %,5 %,3 %,3 %,17 %,7 %,7 %,TOM • 1.202,21.05.–24.05.,
175,21.05.2024,30 %,16 %,"12,5 %",5 %,3 %,3 %,17 %,7 %,"6,5 %",O • 2.010,17.05.–21.05.,
176,18.05.2024,30 %,16 %,12 %,5 %,3 %,3 %,17 %,7 %,7 %,TOM • 1.206,13.05.–17.05.,
177,14.05.2024,"30,5 %","15,5 %",13 %,5 %,"3,5 %","2,5 %",17 %,7 %,6 %,O • 2.087,10.05.–13.05.,
178,11.05.2024,30 %,15 %,13 %,5 %,4 %,2 %,17 %,7 %,7 %,TOM • 1.247,06.05.–10.05.,
179,06.05.2024,"30,5 %","15,5 %",12 %,5 %,"3,5 %","2,5 %",18 %,"7,5 %","5,5 %",O • 2.006,03.05.–06.05.,
180,04.05.2024,30 %,15 %,12 %,5 %,4 %,2 %,18 %,7 %,7 %,TOM • 1.203,29.04.–03.05.,
181,30.04.2024,"29,5 %","16,5 %","12,5 %",5 %,"3,5 %","2,5 %","18,5 %",7 %,5 %,O • 2.004,26.04.–29.04.,
182,27.04.2024,29 %,16 %,13 %,5 %,4 %,2 %,18 %,7 %,6 %,TOM • 1.203,22.04.–26.04.,
183,22.04.2024,"30,5 %",15 %,"12,5 %",5 %,4 %,"2,5 %","18,5 %",7 %,5 %,O • 2.008,19.04.–22.04.,
184,20.04.2024,30 %,15 %,13 %,5 %,4 %,2 %,18 %,7 %,6 %,TOM • 1.204,15.04.–19.04.,
185,15.04.2024,"29,5 %",16 %,13 %,6 %,3 %,"2,5 %","18,5 %","6,5 %",5 %,O • 2.006,12.04.–15.04.,
186,13.04.2024,30 %,16 %,13 %,5 %,3 %,2 %,18 %,6 %,7 %,TOM • 1.203,08.04.–12.04.,
187,09.04.2024,"30,5 %",15 %,13 %,5 %,"3,5 %","2,5 %","18,5 %","6,5 %","5,5 %",O • 2.084,05.04.–08.04.,
188,06.04.2024,31 %,15 %,13 %,5 %,3 %,2 %,19 %,6 %,6 %,TOM • 1.243,02.04.–05.04.,
189,02.04.2024,30 %,15 %,"12,5 %",5 %,"3,5 %","2,5 %","19,5 %","6,5 %","5,5 %",O • 2.004,28.03.–02.04.,
190,30.03.2024,30 %,15 %,13 %,5 %,3 %,2 %,20 %,6 %,6 %,TOM • 1.210,25.03.–28.03.,
191,25.03.2024,30 %,"15,5 %","12,5 %",5 %,"3,5 %","2,5 %","19,5 %","6,5 %",5 %,O • 2.008,22.03.–25.03.,
192,24.03.2024,30 %,16 %,13 %,5 %,3 %,2 %,19 %,6 %,6 %,TOM • 1.204,18.03.–22.03.,
193,18.03.2024,"29,5 %",16 %,12 %,5 %,"3,5 %","2,5 %","19,5 %","6,5 %","5,5 %",O • 2.002,15.03.–18.03.,
194,16.03.2024,30 %,15 %,12 %,5 %,3 %,2 %,19 %,6 %,8 %,TOM • 1.199,11.03.–15.03.,
195,11.03.2024,31 %,"14,5 %","12,5 %","5,5 %","3,5 %","2,5 %","18,5 %","6,5 %","5,5 %",O • 2.079,08.03.–11.03.,
196,09.03.2024,31 %,15 %,12 %,5 %,3 %,2 %,19 %,7 %,6 %,TOM • 1.249,04.03.–08.03.,
197,04.03.2024,"30,5 %","14,5 %",13 %,"5,5 %",3 %,"2,5 %","19,5 %","6,5 %",5 %,O • 2.004,01.03.–04.03.,
198,02.03.2024,30 %,15 %,13 %,5 %,3 %,3 %,19 %,7 %,5 %,TOM • 1.200,26.02.–01.03.,
199,27.02.2024,"30,5 %","15,5 %",13 %,"4,5 %",3 %,3 %,19 %,"7,5 %",4 %,O • 2.006,23.02.–26.02.,
200,24.02.2024,30 %,15 %,13 %,5 %,3 %,3 %,19 %,8 %,4 %,TOM • 1.203,19.02.–23.02.,
201,19.02.2024,"30,5 %","14,5 %","12,5 %","4,5 %","3,5 %",3 %,"19,5 %","7,5 %","4,5 %",O • 2.007,16.02.–19.02.,
202,17.02.2024,31 %,14 %,13 %,4 %,3 %,3 %,19 %,8 %,5 %,TOM • 1.203,12.02.–16.02.,
203,12.02.2024,30 %,15 %,"12,5 %","3,5 %","3,5 %",3 %,"20,5 %","7,5 %","4,5 %",O • 2.083,09.02.–12.02.,
204,10.02.2024,30 %,15 %,13 %,4 %,3 %,3 %,20 %,7 %,5 %,TOM • 1.276,05.02.–08.02.,
205,05.02.2024,30 %,15 %,"12,5 %","4,5 %","3,5 %",3 %,"20,5 %","7,5 %","3,5 %",O • 2.004,02.02.–05.02.,
206,03.02.2024,30 %,15 %,13 %,4 %,4 %,3 %,20 %,7 %,4 %,TOM • 1.202,29.01.–02.02.,
207,29.01.2024,30 %,"14,5 %","12,5 %",5 %,"3,5 %","2,5 %",21 %,7 %,4 %,O • 2.002,26.01.–29.01.,
208,27.01.2024,31 %,14 %,13 %,4 %,4 %,2 %,21 %,7 %,4 %,TOM • 1.201,22.01.–26.01.,
209,22.01.2024,"30,5 %","13,5 %","12,5 %",5 %,3 %,"2,5 %","21,5 %",–,"11,5 %",O • 2.006,19.01.–22.01.,
210,20.01.2024,30 %,13 %,13 %,5 %,3 %,3 %,22 %,7 %,4 %,TOM • 1.203,15.01.–19.01.,
211,15.01.2024,31 %,14 %,12 %,5 %,4 %,3 %,23 %,–,8 %,O • 2.004,12.01.–15.01.,
212,13.01.2024,30 %,15 %,12 %,5 %,4 %,3 %,22 %,–,9 %,TOM • 1.202,08.01.–12.01.,
213,09.01.2024,32 %,16 %,12 %,5 %,4 %,3 %,23 %,–,5 %,O • 2.008,05.01.–08.01.,
214,06.01.2024,31 %,16 %,12 %,5 %,4 %,3 %,23 %,–,6 %,TOM • 1.204,02.01.–05.01.,
215,03.01.2024,32 %,15 %,13 %,5 %,4 %,3 %,"22,5 %",–,"5,5 %",O • 2.002,29.12.–02.01.,
216,31.12.2023,32 %,15 %,12 %,5 %,4 %,3 %,23 %,–,6 %,O • 1.001,28.12.–29.12.,
217,28.12.2023,32 %,15 %,12 %,5 %,4 %,3 %,23 %,–,6 %,O • 2.000,22.12.–27.12.,
218,23.12.2023,32 %,15 %,12 %,5 %,4 %,3 %,22 %,–,7 %,TOM • 1.202,18.12.–22.12.,
219,18.12.2023,"31,5 %","15,5 %","12,5 %",5 %,4 %,"2,5 %",23 %,–,6 %,O • 2.002,15.12.–18.12.,
220,16.12.2023,32 %,15 %,12 %,5 %,4 %,2 %,23 %,–,7 %,TOM • 1.202,11.12.–15.12.,
221,12.12.2023,30 %,16 %,"12,5 %",6 %,4 %,3 %,"22,5 %",–,6 %,O • 2.008,08.12.–11.12.,
222,09.12.2023,30 %,16 %,12 %,6 %,4 %,3 %,22 %,–,7 %,TOM • 1.203,04.12.–08.12.,
223,05.12.2023,"29,5 %","15,5 %",13 %,6 %,"3,5 %",3 %,"22,5 %",–,7 %,O • 2.006,01.12.–04.12.,
224,02.12.2023,30 %,16 %,13 %,6 %,3 %,3 %,22 %,–,7 %,TOM • 1.202,27.11.–01.12.,
225,27.11.2023,"30,5 %","15,5 %","12,5 %",6 %,4 %,3 %,22 %,–,"6,5 %",O • 2.007,24.11.–27.11.,
226,25.11.2023,30 %,16 %,12 %,6 %,4 %,3 %,22 %,–,7 %,TOM • 1.202,20.11.–24.11.,
227,21.11.2023,30 %,"16,5 %",13 %,"5,5 %","4,5 %",3 %,21 %,–,"6,5 %",O • 2.003,17.11.–20.11.,
228,18.11.2023,30 %,16 %,13 %,6 %,4 %,3 %,21 %,–,7 %,TOM • 1.201,13.11.–17.11.,
229,13.11.2023,"30,5 %","16,5 %","13,5 %",5 %,"4,5 %",3 %,"21,5 %",–,"5,5 %",O • 2.008,10.11.–13.11.,
230,11.11.2023,30 %,17 %,14 %,5 %,4 %,3 %,21 %,–,6 %,TOM • 1.204,06.11.–10.11.,
231,06.11.2023,"29,5 %","16,5 %","13,5 %","5,5 %","4,5 %",3 %,22 %,–,"5,5 %",O • 2.006,03.11.–06.11.,
232,05.11.2023,30 %,16 %,13 %,6 %,4 %,3 %,22 %,–,6 %,TOM • 1.204,30.10.–03.11.,
233,30.10.2023,"30,5 %","16,5 %",13 %,"5,5 %",4 %,"3,5 %",21 %,–,6 %,O • 2.010,27.10.–30.10.,
234,28.10.2023,31 %,16 %,13 %,6 %,4 %,3 %,21 %,–,6 %,TOM • 1.216,23.10.–27.10.,
235,24.10.2023,"28,5 %","16,5 %",13 %,"5,5 %",5 %,"3,5 %",22 %,–,6 %,O • 2.004,20.10.–23.10.,
236,21.10.2023,29 %,16 %,13 %,5 %,5 %,4 %,22 %,–,6 %,TOM • 1.202,16.10.–20.10.,
237,16.10.2023,28 %,"16,5 %",13 %,6 %,"4,5 %",4 %,23 %,–,5 %,O • 2.006,13.10.–16.10.,
238,14.10.2023,28 %,17 %,13 %,6 %,5 %,4 %,23 %,–,4 %,TOM • 1.202,09.10.–13.10.,
239,10.10.2023,27 %,17 %,"13,5 %",6 %,5 %,3 %,"22,5 %",–,6 %,O • 2.001,06.10.–09.10.,
240,07.10.2023,27 %,17 %,14 %,6 %,5 %,3 %,22 %,–,6 %,TOM • 1.201,02.10.–06.10.,
241,02.10.2023,"26,5 %",18 %,"13,5 %",7 %,5 %,"2,5 %",22 %,–,"5,5 %",O • 2.010,29.09.–02.10.,
242,30.09.2023,26 %,18 %,14 %,7 %,5 %,3 %,22 %,–,5 %,TOM • 1.206,25.09.–29.09.,
243,26.09.2023,27 %,"17,5 %","13,5 %","6,5 %",5 %,3 %,"21,5 %",–,6 %,O • 2.003,22.09.–25.09.,
244,23.09.2023,27 %,17 %,14 %,6 %,5 %,3 %,22 %,–,6 %,TOM • 1.203,18.09.–22.09.,
245,19.09.2023,"26,5 %",17 %,"14,5 %",6 %,5 %,"3,5 %",21 %,–,"6,5 %",O • 2.008,15.09.–18.09.,
246,16.09.2023,27 %,17 %,15 %,6 %,5 %,3 %,21 %,–,6 %,TOM • 1.204,11.09.–15.09.,
247,11.09.2023,"26,5 %",18 %,14 %,7 %,"4,5 %",–,22 %,–,8 %,O • 2.002,08.09.–11.09.,
248,09.09.2023,27 %,18 %,13 %,7 %,5 %,–,22 %,–,8 %,TOM • 1.201,04.09.–08.09.,
249,04.09.2023,"26,5 %","17,5 %","13,5 %","7,5 %","4,5 %",–,"21,5 %",–,9 %,O • 2.010,01.09.–04.09.,
250,02.09.2023,27 %,18 %,13 %,7 %,5 %,–,21 %,–,9 %,TOM • 1.195,28.08.–01.09.,
251,28.08.2023,"26,5 %",18 %,"14,5 %",7 %,"4,5 %",–,21 %,–,"8,5 %",O • 2.006,25.08.–28.08.,
252,26.08.2023,27 %,18 %,14 %,7 %,5 %,–,21 %,–,8 %,TOM • 1.285,21.08.–25.08.,
253,21.08.2023,"26,5 %","18,5 %",14 %,8 %,5 %,–,"20,5 %",–,"7,5 %",O • 2.008,18.08.–21.08.,
254,19.08.2023,27 %,18 %,14 %,8 %,5 %,–,21 %,–,7 %,TOM • 1.203,14.08.–18.08.,
255,14.08.2023,26 %,"19,5 %","13,5 %",7 %,"4,5 %",–,21 %,–,"8,5 %",O • 2.002,11.08.–14.08.,
256,12.08.2023,26 %,20 %,13 %,7 %,5 %,–,21 %,–,8 %,TOM • 1.200,07.08.–11.08.,
257,07.08.2023,27 %,19 %,"14,5 %","7,5 %","4,5 %",–,"20,5 %",–,7 %,O • 2.004,04.08.–07.08.,
258,05.08.2023,27 %,19 %,14 %,7 %,5 %,–,21 %,–,7 %,TOM • 1.203,31.07.–04.08.,
259,31.07.2023,"26,5 %","18,5 %",14 %,"6,5 %",5 %,–,"21,5 %",–,8 %,O • 2.003,28.07.–31.07.,
260,29.07.2023,26 %,18 %,14 %,7 %,5 %,–,22 %,–,8 %,TOM • 1.200,24.07.–28.07.,
261,25.07.2023,"26,5 %","18,5 %",14 %,"7,5 %","4,5 %",–,"21,5 %",–,"7,5 %",O • 2.006,21.07.–24.07.,
262,22.07.2023,26 %,18 %,14 %,7 %,5 %,–,22 %,–,8 %,TOM • 1.266,17.07.–21.07.,
263,17.07.2023,27 %,18 %,14 %,7 %,5 %,–,"20,5 %",–,"8,5 %",O • 2.004,14.07.–17.07.,
264,15.07.2023,27 %,18 %,14 %,7 %,5 %,–,20 %,–,9 %,TOM • 1.184,10.07.–14.07.,
265,10.07.2023,26 %,19 %,14 %,7 %,5 %,–,"20,5 %",–,"8,5 %",O • 2.008,07.07.–10.07.,
266,08.07.2023,27 %,19 %,13 %,7 %,5 %,–,20 %,–,9 %,TOM • 1.204,03.07.–07.07.,
267,03.07.2023,"25,5 %",19 %,"14,5 %","6,5 %",5 %,–,21 %,–,"8,5 %",O • 2.897,30.06.–03.07.,
268,01.07.2023,26 %,19 %,14 %,7 %,5 %,–,20 %,–,9 %,TOM • 1.401,26.06.–30.06.,
269,26.06.2023,"26,5 %","19,5 %","13,5 %","6,5 %","4,5 %",–,"20,5 %",–,9 %,O • 2.004,23.06.–26.06.,
270,24.06.2023,26 %,20 %,13 %,7 %,4 %,–,20 %,–,10 %,TOM • 1.203,19.06.–23.06.,
271,19.06.2023,"26,5 %",20 %,"13,5 %","7,5 %","4,5 %",–,20 %,–,8 %,O • 2.006,16.06.–19.06.,
272,17.06.2023,27 %,20 %,13 %,8 %,4 %,–,19 %,–,9 %,TOM • 1.203,12.06.–16.06.,
273,12.06.2023,27 %,20 %,13 %,8 %,"4,5 %",–,"19,5 %",–,8 %,O • 2.003,09.06.–12.06.,
274,10.06.2023,27 %,20 %,13 %,8 %,5 %,–,19 %,–,8 %,TOM • 1.201,05.06.–09.06.,
275,05.06.2023,"26,5 %",19 %,"13,5 %",9 %,5 %,–,19 %,–,8 %,O • 2.009,02.06.–05.06.,
276,03.06.2023,27 %,19 %,13 %,9 %,5 %,–,19 %,–,8 %,TOM • 1.205,30.05.–02.06.,
277,31.05.2023,28 %,"20,5 %",13 %,"8,5 %","4,5 %",–,18 %,–,"7,5 %",O • 2.004,26.05.–30.05.,
278,27.05.2023,28 %,20 %,13 %,9 %,4 %,–,18 %,–,8 %,TOM • 1.207,22.05.–26.05.,
279,22.05.2023,"27,5 %","20,5 %",14 %,"8,5 %",5 %,–,17 %,–,"7,5 %",O • 2.004,19.05.–22.05.,
280,20.05.2023,28 %,21 %,14 %,8 %,5 %,–,17 %,–,7 %,TOM • 1.195,15.05.–19.05.,
281,15.05.2023,28 %,20 %,"14,5 %","8,5 %",5 %,–,"16,5 %",–,"7,5 %",O • 2.010,12.05.–15.05.,
282,13.05.2023,28 %,20 %,15 %,9 %,4 %,–,16 %,–,8 %,TOM • 1.205,08.05.–12.05.,
283,08.05.2023,28 %,20 %,14 %,9 %,"4,5 %",–,"16,5 %",–,8 %,O • 2.008,05.05.–08.05.,
284,06.05.2023,28 %,20 %,14 %,9 %,4 %,–,16 %,–,9 %,TOM • 1.204,02.05.–05.05.,
285,02.05.2023,27 %,21 %,15 %,8 %,"4,5 %",–,"16,5 %",–,8 %,O • 2.006,28.04.–02.05.,
286,29.04.2023,28 %,21 %,14 %,8 %,5 %,–,16 %,–,8 %,TOM • 1.202,24.04.–28.04.,
287,24.04.2023,"27,5 %",20 %,"14,5 %",9 %,"4,5 %",–,16 %,–,"8,5 %",O • 2.004,21.04.–24.04.,
288,22.04.2023,28 %,20 %,15 %,9 %,4 %,–,16 %,–,8 %,TOM • 1.202,17.04.–21.04.,
289,17.04.2023,"27,5 %",21 %,15 %,8 %,"4,5 %",–,16 %,–,8 %,O • 2.008,14.04.–17.04.,
290,15.04.2023,27 %,21 %,15 %,8 %,5 %,–,16 %,–,8 %,TOM • 1.204,11.04.–14.04.,
291,11.04.2023,"27,5 %",20 %,"15,5 %",8 %,"4,5 %",–,16 %,–,"8,5 %",O • 2.005,06.04.–11.04.,
292,08.04.2023,28 %,20 %,16 %,8 %,4 %,–,16 %,–,8 %,TOM • 1.204,03.04.–06.04.,
293,03.04.2023,28 %,20 %,"15,5 %","7,5 %","4,5 %",–,16 %,–,"8,5 %",O • 2.007,31.03.–03.04.,
294,01.04.2023,27 %,21 %,16 %,8 %,4 %,–,16 %,–,8 %,TOM • 1.200,27.03.–31.03.,
295,27.03.2023,28 %,"20,5 %",16 %,8 %,4 %,–,"15,5 %",–,8 %,O • 2.004,24.03.–27.03.,
296,25.03.2023,28 %,21 %,16 %,8 %,4 %,–,15 %,–,8 %,TOM • 1.203,20.03.–24.03.,
297,20.03.2023,28 %,"21,5 %",15 %,"7,5 %",5 %,–,16 %,–,7 %,O • 2.006,17.03.–20.03.,
298,19.03.2023,28 %,21 %,15 %,8 %,5 %,–,16 %,–,7 %,TOM • 1.202,13.03.–17.03.,
299,13.03.2023,"28,5 %","21,5 %","15,5 %","7,5 %",4 %,–,16 %,–,7 %,O • 2.002,10.03.–13.03.,
300,11.03.2023,29 %,21 %,16 %,7 %,4 %,–,15 %,–,8 %,TOM • 1.268,06.03.–10.03.,
301,07.03.2023,"29,5 %",20 %,"15,5 %","7,5 %",5 %,–,"15,5 %",–,7 %,O • 2.007,03.03.–06.03.,
302,05.03.2023,30 %,20 %,16 %,7 %,5 %,–,15 %,–,7 %,TOM • 1.203,27.02.–03.03.,
303,27.02.2023,"29,5 %","20,5 %","15,5 %","7,5 %","4,5 %",–,"15,5 %",–,7 %,O • 2.010,24.02.–27.02.,
304,25.02.2023,29 %,21 %,16 %,7 %,5 %,–,15 %,–,7 %,TOM • 1.200,20.02.–24.02.,
305,20.02.2023,29 %,"21,5 %","15,5 %",7 %,5 %,–,"15,5 %",–,"6,5 %",O • 2.006,17.02.–20.02.,
306,18.02.2023,29 %,21 %,16 %,7 %,5 %,–,16 %,–,6 %,TOM • 1.207,13.02.–17.02.,
307,13.02.2023,28 %,20 %,16 %,"7,5 %",5 %,–,16 %,–,"7,5 %",O • 2.005,10.02.–13.02.,
308,11.02.2023,28 %,20 %,16 %,8 %,5 %,–,16 %,–,7 %,TOM • 1.457,06.02.–10.02.,
309,06.02.2023,27 %,21 %,16 %,8 %,5 %,–,"15,5 %",–,"7,5 %",O • 2.008,03.02.–06.02.,
310,04.02.2023,28 %,21 %,16 %,8 %,5 %,–,15 %,–,7 %,TOM • 1.462,30.01.–03.02.,
311,30.01.2023,"28,5 %","20,5 %",16 %,"7,5 %",5 %,–,15 %,–,"7,5 %",O • 2.007,27.01.–30.01.,
312,28.01.2023,29 %,20 %,16 %,7 %,5 %,–,15 %,–,8 %,TOM • 1.506,24.01.–27.01.,
313,23.01.2023,28 %,"20,5 %","16,5 %","7,5 %","4,5 %",–,15 %,–,8 %,O • 2.009,20.01.–23.01.,
314,21.01.2023,28 %,20 %,16 %,7 %,5 %,–,15 %,–,9 %,TOM • 1.504,16.01.–20.01.,
315,16.01.2023,28 %,21 %,"16,5 %","7,5 %",5 %,–,15 %,–,7 %,O • 2.006,13.01.–16.01.,
316,14.01.2023,27 %,20 %,17 %,8 %,5 %,–,15 %,–,8 %,TOM • 1.202,09.01.–13.01.,
317,09.01.2023,27 %,20 %,"17,5 %","7,5 %",5 %,–,15 %,–,8 %,O • 2.006,06.01.–09.01.,
318,08.01.2023,27 %,20 %,18 %,7 %,5 %,–,15 %,–,8 %,TOM • 1.465,02.01.–06.01.,
319,02.01.2023,27 %,20 %,"17,5 %","7,5 %","4,5 %",–,15 %,–,"8,5 %",O • 2.010,29.12.–02.01.,
320,31.12.2022,26 %,20 %,18 %,7 %,5 %,–,15 %,–,9 %,TOM • 1.205,27.12.–29.12.,
321,24.12.2022,27 %,21 %,17 %,8 %,5 %,–,14 %,–,8 %,TOM • 1.203,19.12.–22.12.,
322,19.12.2022,"27,5 %",21 %,"17,5 %","7,5 %","4,5 %",–,"14,5 %",–,"7,5 %",O • 2.005,16.12.–19.12.,
323,17.12.2022,27 %,21 %,18 %,7 %,5 %,–,15 %,–,7 %,TOM • 1.501,12.12.–16.12.,
324,13.12.2022,"28,5 %",20 %,18 %,7 %,"4,5 %",–,"15,5 %",–,"6,5 %",O • 2.007,09.12.–12.12.,
325,11.12.2022,28 %,20 %,18 %,7 %,4 %,–,15 %,–,8 %,TOM • 1.502,02.12.–09.12.,
326,06.12.2022,28 %,"20,5 %",17 %,7 %,5 %,–,"14,5 %",–,8 %,O • 2.008,03.12.–05.12.,
327,03.12.2022,28 %,20 %,17 %,7 %,5 %,–,15 %,–,8 %,TOM • 1.502,28.11.–02.12.,
328,28.11.2022,27 %,21 %,"17,5 %",7 %,5 %,–,15 %,–,"7,5 %",O • 2.006,25.11.–28.11.,
329,27.11.2022,27 %,21 %,18 %,7 %,5 %,–,15 %,–,7 %,TOM • 1.501,21.11.–25.11.,
330,21.11.2022,28 %,20 %,17 %,"7,5 %",5 %,–,15 %,–,"7,5 %",O • 2.004,18.11.–21.11.,
331,20.11.2022,28 %,20 %,17 %,7 %,5 %,–,15 %,–,8 %,TOM • 1.314,14.11.–18.11.,
332,14.11.2022,"27,5 %","20,5 %","17,5 %",7 %,"4,5 %",–,15 %,–,8 %,O • 2.010,11.11.–14.11.,
333,13.11.2022,28 %,21 %,18 %,7 %,4 %,–,15 %,–,7 %,TOM • 1.255,08.11.–11.11.,
334,07.11.2022,27 %,21 %,"17,5 %",8 %,"4,5 %",–,"14,5 %",–,"7,5 %",O • 2.007,04.11.–07.11.,
335,06.11.2022,27%,21 %,17 %,8 %,5 %,–,15 %,–,7 %,TOM • 1.286,01.11.–04.11.,
336,01.11.2022,26 %,"20,5 %",18 %,9 %,"4,5 %",–,15 %,–,7 %,O • 2.009,28.10.–31.10.,
337,30.10.2022,26 %,20 %,18 %,9 %,5 %,–,15 %,–,7 %,TOM • 1.230,24.10.–28.10.,
338,25.10.2022,"26,5 %","20,5 %","17,5 %","8,5 %","4,5 %",–,15 %,–,"7,5 %",O • 2.007,21.10.–24.10.,
339,23.10.2022,27 %,20 %,18 %,8 %,5 %,–,15 %,–,7 %,TOM • 1.503,17.10.–21.10.,
340,17.10.2022,"27,5 %","19,5 %","18,5 %","7,5 %","4,5 %",–,"15,5 %",–,7 %,O • 2.000,14.10.–17.10.,
341,16.10.2022,28 %,19 %,18 %,8 %,5 %,–,15 %,–,7 %,TOM • 1.327,10.10.–14.10.,
342,10.10.2022,"27,5 %","19,5 %",19 %,"7,5 %",5 %,–,15 %,–,"6,5 %",O • 2.005,07.10.–10.10.,
343,08.10.2022,27 %,19 %,19 %,8 %,5 %,–,15 %,–,7 %,TOM • 1.315,04.10.–07.10.,
344,04.10.2022,"27,5 %",19 %,"18,5 %",8 %,"5,5 %",–,15 %,–,"6,5 %",O • 2.008,29.09.–04.10.,
345,01.10.2022,28 %,19 %,18 %,8 %,6 %,–,15 %,–,6 %,TOM • 1.210,26.09.–30.09.,
346,26.09.2022,"27,5 %",18 %,"19,5 %",8 %,"5,5 %",–,15 %,–,"6,5 %",O • 2.102,23.09.–26.09.,
347,24.09.2022,28 %,19 %,19 %,8 %,5 %,–,14 %,–,7 %,TOM • 1.255,19.09.–23.09.,
348,20.09.2022,"28,5 %","18,5 %",19 %,"7,5 %","5,5 %",–,14 %,–,7 %,O • 2.080,16.09.–19.09.,
349,17.09.2022,28 %,19 %,19 %,7 %,6 %,–,13 %,–,8 %,TOM • 1.476,12.09.–16.09.,
350,12.09.2022,28 %,18 %,20 %,8 %,"5,5 %",–,"13,5 %",–,7 %,O • 2.039,09.09.–12.09.,
351,10.09.2022,27 %,19 %,20 %,8 %,5 %,–,13 %,–,8 %,TOM • 1.443,05.09.–09.09.,
352,06.09.2022,28 %,18 %,"20,5 %","7,5 %","5,5 %",–,"13,5 %",–,7 %,O • 2.004,02.09.–05.09.,
353,03.09.2022,28 %,19 %,20 %,8 %,5 %,–,13 %,–,7 %,TOM • 1.203,29.08.–02.09.,
354,29.08.2022,"27,5 %",19 %,"20,5 %",8 %,"5,5 %",–,13 %,–,"6,5 %",O • 2.138,26.08.–29.08.,
355,27.08.2022,28 %,20 %,21 %,8 %,5 %,–,12 %,–,6 %,TOM • 1.204,22.08.–26.08.,
356,22.08.2022,28 %,"18,5 %",21 %,"7,5 %","5,5 %",–,13 %,–,"6,5 %",O • 2.091,19.08.–22.08.,
357,20.08.2022,28 %,19 %,21 %,8 %,5 %,–,12 %,–,7 %,TOM • 1.427,15.08.–19.08.,
358,15.08.2022,28 %,19 %,22 %,8 %,5 %,–,12 %,–,6 %,O • 2.146,12.08.–15.08.,
359,13.08.2022,27 %,19 %,22 %,9 %,5 %,–,12 %,–,6 %,TOM • 1.502,05.08.–12.08.,
360,08.08.2022,27 %,18 %,"21,5 %",8 %,"5,5 %",–,"12,5 %",–,"7,5 %",O • 2.099,05.08.–08.08.,
361,06.08.2022,27 %,19 %,21 %,9 %,5 %,–,12 %,–,7 %,TOM • 1.701,01.08.–05.08.,
362,01.08.2022,"26,5 %","18,5 %",22 %,8 %,5 %,–,12 %,–,8 %,O • 2.144,29.07.–01.08.,
363,30.07.2022,26 %,19 %,22 %,9 %,5 %,–,12 %,–,7 %,TOM • 1.202,25.07.–29.07.,
364,25.07.2022,"26,5 %","18,5 %",22 %,8 %,5 %,–,12 %,–,8 %,O • 2.043,22.07.–25.07.,
365,23.07.2022,27 %,18 %,23 %,8 %,5 %,–,12 %,–,7 %,TOM • 1.501,18.07.–22.07.,
366,18.07.2022,"26,5 %","18,5 %",22 %,8 %,"4,5 %",–,12 %,–,"8,5 %",O • 2.062,15.07.–18.07.,
367,16.07.2022,26 %,19 %,22 %,8 %,5 %,–,11 %,–,9 %,TOM • 1.277,11.07.–15.07.,
368,12.07.2022,27 %,20 %,21 %,"8,5 %","4,5 %",–,11 %,–,8 %,O • 2.044,08.07.–11.07.,
369,10.07.2022,28 %,19 %,22 %,8 %,4 %,–,10 %,–,9 %,TOM • 1.202,04.07.–08.07.,
370,04.07.2022,28 %,19 %,21 %,"9,5 %",4 %,–,11 %,–,"7,5 %",O • 2.066,01.07.–04.07.,
371,02.07.2022,27 %,20 %,22 %,9 %,4 %,–,11 %,–,7 %,TOM • 1.253,27.06.–01.07.,
372,27.06.2022,27 %,20 %,"21,5 %",9 %,4 %,–,"10,5 %",–,8 %,O • 2.101,24.06.–27.06.,
373,25.06.2022,26 %,20 %,22 %,9 %,4 %,–,11 %,–,8 %,TOM • 1.414,20.06.–24.06.,
374,20.06.2022,28 %,"19,5 %",21 %,"9,5 %",4 %,–,10 %,–,8 %,O • 2.063,17.06.–20.06.,
375,19.06.2022,27 %,20 %,21 %,9 %,4 %,–,10 %,–,9 %,TOM • 1.501,13.06.–17.06.,
376,13.06.2022,"27,5 %",20 %,21 %,"9,5 %","3,5 %",–,"10,5 %",–,8 %,O • 2.082,10.06.–13.06.,
377,11.06.2022,27 %,21 %,21 %,9 %,4 %,–,10 %,–,8 %,TOM • 1.203,07.06.–10.06.,
378,07.06.2022,27 %,20 %,"21,5 %","9,5 %","3,5 %",–,"10,5 %",–,8 %,O • 2.055,03.06.–07.06.,
379,04.06.2022,27 %,22 %,20 %,9 %,4 %,–,9 %,–,9 %,TOM • 1.501,30.05.–03.06.,
380,30.05.2022,27 %,22 %,"20,5 %","8,5 %","3,5 %",–,10 %,–,"8,5 %",O • 2.056,27.05.–30.05.,
381,28.05.2022,27 %,23 %,19 %,9 %,4 %,–,9 %,–,9 %,TOM • 1.337,23.05.–27.05.,
382,23.05.2022,"28,5 %",22 %,20 %,"8,5 %",3 %,–,"10,5 %",–,"7,5 %",O • 2.100,20.05.–23.05.,
383,21.05.2022,28 %,21 %,19 %,10 %,3 %,–,10 %,–,9 %,TOM • 1.214,16.05.–20.05.,
384,16.05.2022,28 %,"21,5 %","20,5 %",9 %,3 %,–,11 %,–,7 %,O • 2.147,13.05.–16.05.,
385,14.05.2022,27 %,22 %,18 %,10 %,4 %,–,10 %,–,9 %,TOM • 1.501,09.05.–13.05.,
386,09.05.2022,"27,5 %","22,5 %",19 %,10 %,"3,5 %",–,"10,5 %",–,7 %,O • 2.086,06.05.–09.05.,
387,07.05.2022,27 %,23 %,18 %,11 %,3 %,–,10 %,–,8 %,TOM • 1.501,02.05.–06.05.,
388,02.05.2022,27 %,23 %,19 %,"9,5 %","4,5 %",–,"10,5 %",–,"6,5 %",O • 2.146,29.04.–02.05.,
389,01.05.2022,26 %,23 %,18 %,10 %,4 %,–,11 %,–,8 %,TOM • 1.202,25.04.–29.04.,
390,25.04.2022,"26,5 %",24 %,18 %,9 %,"4,5 %",–,"11,5 %",–,"6,5 %",O • 2.056,22.04.–25.04.,
391,23.04.2022,26 %,24 %,18 %,9 %,5 %,–,11 %,–,7 %,TOM • 1.296,19.04.–22.04.,
392,19.04.2022,26 %,"23,5 %",19 %,9 %,"4,5 %",–,11 %,–,7 %,O • 2.073,15.04.–18.04.,
393,16.04.2022,26 %,25 %,17 %,10 %,5 %,–,10 %,–,7 %,TOM • 1.402,11.04.–14.04.,
394,11.04.2022,27 %,25 %,"17,5 %",9 %,"4,5 %",–,11 %,–,6 %,O • 2.061,08.04.–11.04.,
395,09.04.2022,26 %,25 %,16 %,10 %,4 %,–,11 %,–,8 %,TOM • 1.503,04.04.–08.04.,
396,04.04.2022,26 %,25 %,"17,5 %","10,5 %","4,5 %",–,"10,5 %",–,6 %,O • 2.063,01.04.–04.04.,
397,02.04.2022,26 %,26 %,16 %,10 %,4 %,–,11 %,–,7 %,TOM • 1.501,25.03.–01.04.,
398,29.03.2022,26 %,25 %,"16,5 %",10 %,"5,5 %",–,"10,5 %",–,"6,5 %",O • 2.070,25.03.–28.03.,
399,26.03.2022,26 %,26 %,16 %,10 %,5 %,–,11 %,–,6 %,TOM • 1.205,21.03.–25.03.,
400,21.03.2022,"26,5 %","24,5 %","16,5 %",11 %,"4,5 %",–,11 %,–,6 %,O • 2.122,18.03.–21.03.,
401,19.03.2022,26 %,26 %,16 %,10 %,5 %,–,10 %,–,7 %,TOM • 1.198,14.03.–18.03.,
402,14.03.2022,"25,5 %",25 %,"15,5 %","10,5 %",5 %,–,"10,5 %",–,8 %,O • 2.073,11.03.–14.03.,
403,12.03.2022,24 %,26 %,16 %,10 %,6 %,–,10 %,–,8 %,TOM • 1.201,07.03.–11.03.,
404,07.03.2022,"24,5 %",25 %,"15,5 %",11 %,6 %,–,"10,5 %",–,"7,5 %",O • 2.103,04.03.–07.03.,
405,05.03.2022,25 %,25 %,15 %,11 %,6 %,–,11 %,–,7 %,TOM • 1.185,28.02.–04.03.,
406,01.03.2022,27 %,23 %,"15,5 %",11 %,"6,5 %",–,"10,5 %",–,"6,5 %",O • 2.067,25.02.–28.02.,
407,27.02.2022,26 %,23 %,15 %,11 %,7 %,–,12 %,–,6 %,TOM • 1.405,21.02.–25.02.,
408,21.02.2022,27 %,23 %,"14,5 %","12,5 %",6 %,–,11 %,–,6 %,O • 1.539,18.02.–21.02.,
409,19.02.2022,27 %,22 %,15 %,11 %,7 %,–,12 %,–,6 %,TOM • 1.303,14.02.–18.02.,
410,14.02.2022,26 %,"22,5 %",15 %,12 %,6 %,–,12 %,–,"6,5 %",O • 2.141,11.02.–14.02.,
411,12.02.2022,26 %,22 %,16 %,11 %,6 %,–,12 %,–,7 %,TOM • 1.504,07.02.–11.02.,
412,07.02.2022,26 %,23 %,15 %,12 %,7 %,–,11 %,–,6 %,O • 2.067,04.02.–07.02.,
413,05.02.2022,27 %,22 %,16 %,11 %,6 %,–,11 %,–,7 %,TOM • 1.202,01.02.–04.02.,
414,31.01.2022,25 %,24 %,15 %,"12,5 %","6,5 %",–,10 %,–,7 %,O • 2.147,28.01.–31.01.,
415,29.01.2022,24 %,26 %,16 %,11 %,6 %,–,11 %,–,6 %,TOM • 1.383,24.01.–28.01.,
416,24.01.2022,24 %,26 %,15 %,"11,5 %",6 %,–,11 %,–,"6,5 %",O • 2.146,21.01.–24.01.,
417,22.01.2022,23 %,26 %,16 %,12 %,6 %,–,12 %,–,5 %,TOM • 1.204,17.01.–21.01.,
418,17.01.2022,"22,5 %",26 %,"15,5 %",12 %,6 %,–,12 %,–,6 %,O • 2.130,14.01.–17.01.,
419,15.01.2022,23 %,27 %,16 %,11 %,5 %,–,12 %,–,6 %,TOM • 1.504,10.01.–14.01.,
420,10.01.2022,23 %,"26,5 %",15 %,12 %,5 %,–,12 %,–,"6,5 %",O • 2.107,07.01.–10.01.,
421,08.01.2022,23 %,27 %,16 %,12 %,5 %,–,11 %,–,6 %,TOM • 1.504,03.01.–08.01.,
422,03.01.2022,23 %,"26,5 %","15,5 %",11 %,6 %,–,"11,5 %",–,"6,5 %",O • 2.060,30.12.–03.01.,
423,01.01.2022,24 %,27 %,16 %,10 %,5 %,–,11 %,–,7 %,TOM • 1.201,27.12.–30.12.,
424,26.12.2021,23 %,28 %,15 %,11 %,5 %,–,11 %,–,7 %,TOM • 1.195,20.12.–23.12.,
425,20.12.2021,"21,5 %","27,5 %","14,5 %",13 %,"5,5 %",–,"11,5 %",–,"6,5 %",O • 2.075,17.12.–20.12.,
426,18.12.2021,23 %,27 %,14 %,12 %,5 %,–,12 %,–,7 %,TOM • 1.501,13.12.–18.12.,
427,13.12.2021,22 %,27 %,"14,5 %",13 %,"5,5 %",–,"11,5 %",–,"6,5 %",O • 2.221,10.12.–13.12.,
428,11.12.2021,22 %,26 %,15 %,13 %,5 %,–,11 %,–,8 %,TOM • 1.480,06.12.–10.12.,
429,06.12.2021,22 %,26 %,15 %,"13,5 %","5,5 %",–,"11,5 %",–,"6,5 %",O • 2.119,03.12.–06.12.,
430,04.12.2021,21 %,26 %,15 %,13 %,5 %,–,12 %,–,8 %,TOM • 1.348,29.11.–03.12.,
431,29.11.2021,21 %,25 %,16 %,14 %,"5,5 %",–,11 %,–,"7,5 %",O • 2.129,26.11.–29.11.,
432,27.11.2021,21 %,26 %,15 %,13 %,6 %,–,12 %,–,7 %,TOM • 1.403,22.11.–26.11.,
433,22.11.2021,22 %,26 %,14 %,14 %,"5,5 %",–,11 %,–,"7,5 %",O • 2.096,19.11.–22.11.,
434,20.11.2021,21 %,26 %,15 %,13 %,5 %,–,12 %,–,8 %,TOM • 1.501,15.11.–19.11.,
435,15.11.2021,21 %,27 %,15 %,13 %,"5,5 %",–,"11,5 %",–,7 %,O • 2.091,12.11.–15.11.,
436,13.11.2021,22 %,26 %,15 %,13 %,5 %,–,11 %,–,8 %,TOM • 1.202,08.11.–12.11.,
437,08.11.2021,"20,5 %","26,5 %",16 %,"13,5 %","5,5 %",–,"10,5 %",–,"7,5 %",O • 2.112,05.11.–08.11.,
438,06.11.2021,21 %,27 %,15 %,14 %,5 %,–,11 %,–,7 %,TOM • 1.212,01.11.–05.11.,
439,02.11.2021,20 %,27 %,16 %,"13,5 %",5 %,–,"11,5 %",–,7 %,O • 2.140,29.10.–01.11.,
440,30.10.2021,21 %,27 %,16 %,13 %,5 %,–,11 %,–,7 %,TOM • 1.503,25.10.–29.10.,
441,25.10.2021,20 %,28 %,16 %,14 %,5 %,–,11 %,–,6 %,O • 2.105,22.10.–25.10.,
442,23.10.2021,20 %,27 %,17 %,14 %,4 %,–,11 %,–,7 %,TOM • 1.205,18.10.–22.10.,
443,18.10.2021,"18,5 %",28 %,16 %,15 %,5 %,–,"11,5 %",–,6 %,O • 2.140,15.10.–18.10.,
444,16.10.2021,19 %,28 %,16 %,13 %,4 %,–,11 %,–,9 %,TOM • 1.195,11.10.–15.10.,
445,11.10.2021,"19,5 %","28,5 %",16 %,"14,5 %",4 %,–,11 %,–,"6,5 %",O • 2.101,08.10.–11.10.,
446,09.10.2021,20 %,28 %,15 %,14 %,5 %,–,10 %,–,8 %,TOM • 1.509,04.10.–08.10.,
447,04.10.2021,21 %,28 %,"15,5 %","13,5 %","4,5 %",–,10 %,–,"7,5 %",O • 2.000,01.10.–04.10.,
448,02.10.2021,21 %,28 %,16 %,12 %,5 %,–,10 %,–,8 %,TOM • 1.254,27.09.–01.10.,
449,20.09.2021,22 %,25 %,15 %,12 %,"6,5 %",–,11 %,,"8,5 %",O • 2.054,17.09.–20.09.,–
450,18.09.2021,21 %,26 %,15 %,12 %,6 %,3 %,11 %,,6 %,TOM • 1.502,13.09.–17.09.,–
451,13.09.2021,"20,5 %",26 %,15 %,"12,5 %","6,5 %",–,"11,5 %",,8 %,O • 2.062,10.09.–13.09.,–
452,11.09.2021,20 %,26 %,15 %,13 %,6 %,–,11 %,,9 %,TOM • 1.152,06.09.–10.09.,–
453,06.09.2021,"20,5 %",26 %,"15,5 %","12,5 %","6,5 %",3 %,11 %,,5 %,O • 2.052,03.09.–06.09.,–
454,04.09.2021,20 %,25 %,16 %,13 %,7 %,–,12 %,,7 %,TOM • 1.427,30.08.–03.09.,–
455,30.08.2021,20 %,25 %,"16,5 %","13,5 %",7 %,–,11 %,,7 %,O • 2.015,27.08.–30.08.,–
456,28.08.2021,21 %,24 %,17 %,13 %,6 %,–,11 %,,8 %,TOM • 1.247,23.08.–27.08.,–
457,23.08.2021,23 %,23 %,17 %,13 %,7 %,–,11 %,,6 %,O • 2.119,20.08.–23.08.,–
458,21.08.2021,22 %,22 %,17 %,13 %,7 %,–,12 %,,7 %,TOM • 1.352,16.08.–20.08.,–
459,16.08.2021,25 %,20 %,"17,5 %","12,5 %","6,5 %",–,11 %,,"7,5 %",O • 2.080,13.08.–16.08.,–
460,14.08.2021,25 %,20 %,18 %,12 %,7 %,–,11 %,,7 %,TOM • 1.450,09.08.–13.08.,–
461,09.08.2021,"25,5 %","17,5 %","17,5 %","12,5 %","6,5 %","3,5 %","11,5 %",,"5,5 %",O • 2.118,06.08.–09.08.,–
462,07.08.2021,26 %,18 %,18 %,12 %,7 %,–,11 %,,8 %,TOM • 2.002,02.08.–06.08.,–
463,02.08.2021,"27,5 %",18 %,18 %,13 %,7 %,–,11 %,,"5,5 %",O • 2.080,30.07.–02.08.,–
464,31.07.2021,27 %,17 %,18 %,13 %,6 %,–,11 %,,8 %,TOM • 1.196,26.07.–30.07.,–
465,26.07.2021,27 %,"17,5 %","17,5 %",13 %,6 %,–,12 %,,7 %,O • 2.007,23.07.–26.07.,–
466,24.07.2021,27 %,17 %,18 %,13 %,7 %,–,11 %,,7 %,TOM • 1.316,19.07.–23.07.,–
467,19.07.2021,29 %,"16,5 %",18 %,12 %,6 %,–,"11,5 %",,7 %,O • 2.064,16.07.–19.07.,–
468,17.07.2021,28 %,17 %,18 %,12 %,7 %,–,11 %,,7 %,TOM • 1.354,12.07.–16.07.,–
469,12.07.2021,28 %,17 %,17 %,"12,5 %",7 %,–,11 %,,"7,5 %",O • 2.087,09.07.–12.07.,–
470,10.07.2021,28 %,17 %,17 %,12 %,8 %,–,11 %,,7 %,TOM • 1.352,05.07.–09.07.,–
471,06.07.2021,29 %,"16,5 %",18 %,"12,5 %",7 %,–,10 %,,7 %,O • 2.056,02.07.–05.07.,–
472,04.07.2021,28 %,17 %,18 %,12 %,7 %,–,10 %,,8 %,TOM • 1.352,28.06.–02.07.,–
473,28.06.2021,"29,5 %",16 %,18 %,13 %,"7,5 %",–,11 %,,5 %,O • 2.060,25.06.–28.06.,–
474,27.06.2021,28 %,17 %,19 %,12 %,7 %,–,11 %,,6 %,TOM • 1.203,21.06.–25.06.,–
475,21.06.2021,"28,5 %","15,5 %",19 %,14 %,7 %,–,"10,5 %",,"5,5 %",O • 2.082,18.06.–21.06.,–
476,20.06.2021,28 %,16 %,20 %,13 %,6 %,–,11 %,,6 %,TOM • 1.502,14.06.–18.06.,–
477,14.06.2021,"27,5 %","16,5 %","19,5 %","13,5 %",6 %,–,11 %,,6 %,O • 2.038,11.06.–14.06.,–
478,12.06.2021,27 %,16 %,20 %,13 %,6 %,–,11 %,,7 %,TOM • 1.401,07.06.–11.06.,–
479,07.06.2021,"26,5 %","15,5 %","20,5 %","13,5 %",7 %,–,11 %,,6 %,O • 2.015,04.06.–07.06.,–
480,06.06.2021,26 %,17 %,21 %,12 %,6 %,–,12 %,,6 %,TOM • 1.380,31.05.–04.06.,–
481,31.05.2021,"25,5 %","15,5 %","21,5 %","13,5 %","6,5 %",–,11 %,,"6,5 %",O • 2.040,28.05.–31.05.,–
482,29.05.2021,25 %,16 %,22 %,13 %,7 %,–,12 %,,5 %,TOM • 1.301,25.05.–28.05.,–
483,25.05.2021,26 %,16 %,22 %,"12,5 %","6,5 %",–,"11,5 %",,"5,5 %",O • 2.128,21.05.–25.05.,–
484,23.05.2021,24 %,17 %,23 %,13 %,6 %,–,12 %,,5 %,TOM • 1.405,17.05.–21.05.,–
485,17.05.2021,"25,5 %",16 %,23 %,"12,5 %","6,5 %",–,11 %,,"5,5 %",O • 2.023,14.05.–17.05.,–
486,16.05.2021,25 %,16 %,24 %,11 %,7 %,–,12 %,,5 %,TOM • 1.350,10.05.–14.05.,–
487,10.05.2021,"25,5 %",15 %,"23,5 %",12 %,"7,5 %",–,11 %,,"5,5 %",O • 2.055,07.05.–10.05.,–
488,03.05.2021,24 %,15 %,24 %,12 %,7 %,–,12 %,,6 %,O • 2.075,30.04.–03.05.,–
489,26.04.2021,23 %,16 %,23 %,12 %,8 %,–,12 %,,6 %,O • 2.082,23.04.–26.04.,–
490,23.04.2021,24 %,17 %,23 %,12 %,8 %,–,11 %,,5 %,O • 1.000,23.04.,–
491,20.04.2021,27 %,16 %,22 %,11 %,7 %,–,12 %,,5 %,O • 1.000,20.04.,–
492,20.04.2021,28 %,16 %,21 %,11 %,7 %,–,12 %,,5 %,O • 3.057,16.04.–19.04.,–
493,16.04.2021,28 %,18 %,20 %,10 %,8 %,–,12 %,,4 %,O • 1.007,15.04.,–
494,12.04.2021,"27,5 %",17 %,"20,5 %",10 %,7 %,–,12 %,,6 %,O • 3.174,09.04.–12.04.,–
495,05.04.2021,27 %,17 %,21 %,10 %,7 %,–,12 %,,6 %,O • 3.020,30.03.–01.04.,–
496,29.03.2021,26 %,18 %,21 %,"10,5 %",7 %,–,11 %,,"6,5 %",O • 3.049,26.03.–29.03.,–
497,22.03.2021,28 %,18 %,20 %,"10,5 %",7 %,–,11 %,,"5,5 %",O • 3.104,19.03.–22.03.,–
498,20.03.2021,28 %,18 %,20 %,10 %,8 %,–,11 %,,5 %,O • 1.042,19.03.,–
499,15.03.2021,"29,5 %",17 %,17 %,"10,5 %",8 %,–,"11,5 %",,"6,5 %",O • 2.068,12.03.–15.03.,–
500,08.03.2021,30 %,17 %,17 %,"10,5 %",9 %,–,"11,5 %",,5 %,O • 2.049,05.03.–08.03.,–
501,02.03.2021,"32,5 %",17 %,17 %,10 %,8 %,–,11 %,,"4,5 %",O • 2.032,26.02.–01.03.,–
502,23.02.2021,"33,5 %",16 %,17 %,9 %,8 %,–,11 %,,"5,5 %",O • 2.075,19.02.–22.02.,–
503,15.02.2021,"33,5 %",17 %,17 %,9 %,9 %,–,"10,5 %",,4 %,O • 2.051,12.02.–15.02.,–
504,08.02.2021,"34,5 %",16 %,"17,5 %",9 %,"8,5 %",–,"10,5 %",,4 %,O • 2.107,05.02.–08.02.,–
505,02.02.2021,"36,5 %",15 %,17 %,8 %,"7,5 %",–,11 %,,5 %,O • 2.044,29.01.–01.02.,–
506,26.01.2021,35 %,16 %,17 %,8 %,8 %,–,10 %,,6 %,O • 2.038,22.01.–25.01.,–
507,18.01.2021,35 %,15 %,17 %,9 %,8 %,–,11 %,,5 %,O • 1.835,17.01.–18.01.,–
508,12.01.2021,36 %,15 %,18 %,"7,5 %",8 %,–,10 %,,"5,5 %",O • 2.042,08.01.–11.01.,–
509,05.01.2021,36 %,15 %,18 %,"7,5 %","7,5 %",–,11 %,,5 %,O • 2.072,01.01.–04.01.,–
510,05.01.2021,36 %,15 %,18 %,"7,5 %","7,5 %",–,11 %,,5 %,O • 2.072,01.01.–04.01.,–
511,22.12.2020,35 %,16 %,"16,5 %",8 %,"7,5 %",–,11 %,,6 %,O • 2.055,18.12.–21.12.,–
512,15.12.2020,36 %,17 %,17 %,7 %,"7,5 %",–,10 %,,"5,5 %",O • 2.002,11.12.–14.12.,–
513,08.12.2020,"35,5 %","15,5 %","17,5 %",8 %,"7,5 %",–,10 %,,6 %,O • 2.057,04.12.–07.12.,–
514,30.11.2020,"35,5 %","15,5 %","17,5 %","7,5 %",7 %,–,11 %,,6 %,O • 2.046,27.11.–30.11.,–
515,24.11.2020,36 %,"15,5 %","17,5 %",7 %,7 %,–,11 %,,6 %,O • 2.063,20.11.–23.11.,–
516,17.11.2020,"36,5 %","15,5 %","17,5 %",7 %,"7,5 %",–,11 %,,5 %,O • 2.077,13.11.–16.11.,–
517,10.11.2020,"34,5 %","15,5 %","17,5 %",7 %,"7,5 %",–,12 %,,6 %,O • 2.030,06.11.–09.11.,–
518,03.11.2020,"34,5 %","15,5 %",18 %,"6,5 %","8,5 %",–,11 %,,6 %,O • 2.035,30.10.–02.11.,–
519,27.10.2020,"35,5 %","14,5 %","17,5 %","6,5 %","7,5 %",–,12 %,,"6,5 %",O • 2.069,23.10.–26.10.,–
520,20.10.2020,35 %,"14,5 %",18 %,"7,5 %",8 %,–,"11,5 %",,"5,5 %",O • 2.074,16.10.–19.10.,–
521,13.10.2020,35 %,"14,5 %","18,5 %",7 %,8 %,–,11 %,,6 %,O • 2.084,09.10.–12.10.,–
522,06.10.2020,36 %,"14,5 %","18,5 %",6 %,7 %,–,"11,5 %",,"6,5 %",O • 2.058,02.10.–05.10.,–
523,29.09.2020,35 %,"15,5 %",19 %,"6,5 %","6,5 %",–,"11,5 %",,6 %,O • 2.065,25.09.–28.09.,–
524,22.09.2020,35 %,"15,5 %","17,5 %","6,5 %","7,5 %",–,12 %,,6 %,O • 2.067,18.09.–21.09.,–
525,15.09.2020,"35,5 %",16 %,17 %,7 %,"7,5 %",–,"11,5 %",,"5,5 %",O • 2.036,11.09.–14.09.,–
526,08.09.2020,35 %,16 %,18 %,"6,5 %",8 %,–,11 %,,"5,5 %",O • 2.068,04.09.–07.09.,–
527,01.09.2020,"36,5 %",16 %,"17,5 %",6 %,"7,5 %",–,11 %,,"5,5 %",O • 2.068,28.08.–31.08.,–
528,25.08.2020,"35,5 %",17 %,16 %,"6,5 %",9 %,–,11 %,,5 %,O • 2.067,21.08.–24.08.,–
529,18.08.2020,36 %,18 %,16 %,6 %,8 %,–,11 %,,5 %,O • 2.101,14.08.–17.08.,–
530,12.08.2020,36 %,18 %,15 %,7 %,9 %,–,11 %,,4 %,O • 1.012,11.08.,–
531,11.08.2020,"36,5 %",16 %,16 %,"6,5 %","8,5 %",–,11 %,,"5,5 %",O • 2.036,07.08.–10.08.,–
532,04.08.2020,"36,5 %",15 %,"16,5 %","6,5 %","8,5 %",–,11 %,,6 %,O • 2.090,31.07.–03.08.,–
533,28.07.2020,"36,5 %",15 %,16 %,7 %,8 %,–,11 %,,"6,5 %",O • 2.039,24.07.–27.07.,–
534,21.07.2020,"36,5 %",16 %,16 %,"7,5 %","7,5 %",–,10 %,,"6,5 %",O • 2.049,17.07.–20.07.,–
535,14.07.2020,37 %,"14,5 %","16,5 %",7 %,"8,5 %",–,11 %,,"5,5 %",O • 2.051,10.07.–13.07.,–
536,07.07.2020,36 %,15 %,17 %,7 %,8 %,–,11 %,,6 %,O • 2.040,03.07.–06.07.,–
537,30.06.2020,"36,5 %",16 %,17 %,7 %,8 %,–,"10,5 %",,5 %,O • 2.051,26.06.–29.06.,–
538,22.06.2020,"36,5 %",15 %,"18,5 %",6 %,"8,5 %",–,10 %,,"5,5 %",O • 2.058,19.06.–22.06.,–
539,15.06.2020,37 %,15 %,18 %,7 %,8 %,–,10 %,,5 %,O • 2.069,12.06.–15.06.,–
540,09.06.2020,38 %,14 %,"17,5 %","6,5 %","8,5 %",–,10 %,,"5,5 %",O • 2.051,05.06.–08.06.,–
541,02.06.2020,"38,5 %",14 %,18 %,"5,5 %",8 %,–,10 %,,6 %,O • 2.047,29.05.–02.06.,–
542,25.05.2020,37 %,15 %,18 %,6 %,8 %,–,"9,5 %",,"6,5 %",O • 2.062,22.05.–25.05.,–
543,18.05.2020,37 %,14 %,18 %,6 %,"7,5 %",–,"10,5 %",,7 %,O • 2.092,15.05.–18.05.,–
544,12.05.2020,"37,5 %",14 %,"16,5 %","6,5 %","7,5 %",–,11 %,,7 %,O • 2.061,08.05.–11.05.,–
545,04.05.2020,"37,5 %",15 %,17 %,6 %,"7,5 %",–,11 %,,6 %,O • 2.101,01.05.–04.05.,–
546,28.04.2020,38 %,"15,5 %",16 %,7 %,7 %,–,"10,5 %",,6 %,O • 2.071,24.04.–27.04.,–
547,21.04.2020,"38,5 %",15 %,16 %,7 %,"7,5 %",–,"10,5 %",,"5,5 %",O • 2.054,17.04.–20.04.,–
548,14.04.2020,"37,5 %",16 %,16 %,7 %,"7,5 %",–,"10,5 %",,"5,5 %",O • 2.108,09.04.–14.04.,–
549,06.04.2020,38 %,16 %,18 %,"5,5 %",7 %,–,10 %,,"5,5 %",O • 2.062,03.04.–06.04.,–
550,31.03.2020,35 %,15 %,18 %,"6,5 %","7,5 %",–,12 %,,6 %,O • 2.061,27.03.–30.03.,–
551,23.03.2020,"33,5 %",15 %,20 %,"6,5 %",7 %,–,12 %,,6 %,O • 2.070,20.03.–23.03.,–
552,16.03.2020,"28,5 %","14,5 %",23 %,"6,5 %","9,5 %",–,13 %,,5 %,O • 2.049,13.03.–16.03.,–
553,09.03.2020,"26,5 %","15,5 %",22 %,"6,5 %","9,5 %",–,14 %,,6 %,O • 2.050,06.03.–09.03.,–
554,03.03.2020,"26,5 %",16 %,23 %,6 %,10 %,–,"13,5 %",,5 %,O • 2.061,28.02.–02.03.,–
555,25.02.2020,"26,5 %","14,5 %",22 %,7 %,"10,5 %",–,13 %,,"6,5 %",O • 2.033,21.02.–24.02.,–
556,18.02.2020,"26,5 %","14,5 %","20,5 %","7,5 %","9,5 %",–,15 %,,"6,5 %",O • 2.065,14.02.–17.02.,–
557,11.02.2020,"27,5 %","12,5 %",22 %,8 %,10 %,–,14 %,,6 %,O • 2.086,07.02.–10.02.,–
558,03.02.2020,28 %,13 %,22 %,9 %,8 %,–,14 %,,6 %,O • 2.059,31.01.–03.02.,–
559,27.01.2020,27 %,14 %,"20,5 %",9 %,"8,5 %",–,15 %,,6 %,O • 2.081,24.01.–27.01.,–
560,21.01.2020,"27,5 %",13 %,21 %,"8,5 %","9,5 %",–,15 %,,"5,5 %",O • 2.122,17.01.–20.01.,–
561,14.01.2020,27 %,"12,5 %",21 %,"9,5 %",9 %,–,15 %,,6 %,O • 2.040,10.01.–13.01.,–
562,06.01.2020,29 %,13 %,"21,5 %",9 %,"8,5 %",–,14 %,,5 %,O • 2.048,03.01.–06.01.,–
563,24.12.2019,28 %,13 %,21 %,10 %,8 %,–,15 %,,5 %,O • 2.034,20.12.–23.12.,–
564,16.12.2019,27 %,13 %,21 %,"8,5 %","9,5 %",–,15 %,,6 %,O • 2.020,13.12.–16.12.,–
565,09.12.2019,28 %,14 %,"20,5 %","8,5 %","8,5 %",–,15 %,,"5,5 %",O • 2.052,06.12.–09.12.,–
566,02.12.2019,"26,5 %","13,5 %","21,5 %","8,5 %",9 %,–,15 %,,6 %,O • 2.060,29.11.–02.12.,–
567,26.11.2019,"26,5 %","14,5 %",22 %,"8,5 %","9,5 %",–,14 %,,5 %,O • 2.069,22.11.–25.11.,–
568,18.11.2019,25 %,"15,5 %",21 %,"8,5 %",10 %,–,15 %,,5 %,O • 4.115,15.11.–18.11.,–
569,12.11.2019,"25,5 %","15,5 %","20,5 %",8 %,"9,5 %",–,15 %,,6 %,O • 2.096,08.11.–11.11.,–
570,04.11.2019,"25,5 %","13,5 %",21 %,8 %,10 %,–,16 %,,6 %,O • 2.047,01.11.–04.11.,–
571,29.10.2019,26 %,"13,5 %",23 %,"7,5 %",9 %,–,"15,5 %",,"5,5 %",O • 2.042,25.10.–28.10.,–
572,22.10.2019,27 %,"13,5 %","22,5 %","7,5 %",9 %,–,15 %,,"5,5 %",O • 2.041,18.10.–21.10.,–
573,15.10.2019,28 %,14 %,"21,5 %","7,5 %",8 %,–,15 %,,6 %,O • 2.052,11.10.–14.10.,–
574,08.10.2019,27 %,13 %,21 %,"8,5 %",9 %,–,16 %,,"5,5 %",O • 2.059,04.10.–07.10.,–
575,30.09.2019,"26,5 %",13 %,22 %,8 %,8 %,–,16 %,,"6,5 %",O • 2.058,27.09.–30.09.,–
576,23.09.2019,26 %,14 %,22 %,8 %,8 %,–,16 %,,6 %,O • 2.052,20.09.–23.09.,–
577,16.09.2019,"26,5 %","13,5 %","22,5 %","7,5 %","7,5 %",–,16 %,,"6,5 %",O • 2.053,13.09.–16.09.,–
578,10.09.2019,27 %,"13,5 %",22 %,8 %,"7,5 %",–,"15,5 %",,"6,5 %",O • 2.033,06.09.–09.09.,–
579,02.09.2019,26 %,"14,5 %","23,5 %","8,5 %",7 %,–,15 %,,"5,5 %",O • 2.017,30.08.–02.09.,–
580,26.08.2019,26 %,13 %,24 %,8 %,8 %,–,15 %,,6 %,O • 2.058,23.08.–26.08.,–
581,20.08.2019,"26,5 %",13 %,"24,5 %",9 %,8 %,–,"14,5 %",,"4,5 %",O • 2.056,16.08.–19.08.,–
582,13.08.2019,"27,5 %",12 %,"23,5 %",9 %,8 %,–,"14,5 %",,"5,5 %",O • 2.060,09.08.–11.08.,–
583,05.08.2019,"27,5 %","11,5 %","23,5 %",9 %,9 %,–,15 %,,"4,5 %",O • 2.049,02.08.–05.08.,–
584,30.07.2019,27 %,"12,5 %","24,5 %",9 %,8 %,–,"14,5 %",,"4,5 %",O • 2.036,26.07.–29.07.,–
585,22.07.2019,"28,5 %","12,5 %","22,5 %",8 %,8 %,–,"14,5 %",,6 %,O • 2.081,19.07.–22.07.,–
586,15.07.2019,26 %,14 %,23 %,9 %,9 %,–,14 %,,5 %,O • 2.043,12.07.–15.07.,–
587,09.07.2019,27 %,"13,5 %",24 %,8 %,"8,5 %",–,14 %,,5 %,O • 2.069,05.07.–08.07.,–
588,01.07.2019,27 %,13 %,24 %,8 %,8 %,–,14 %,,6 %,O • 2.053,28.06.–01.07.,–
589,25.06.2019,"25,5 %","12,5 %","25,5 %","8,5 %",9 %,–,"13,5 %",,"5,5 %",O • 2.078,21.06.–24.06.,–
590,18.06.2019,25 %,13 %,25 %,9 %,9 %,–,"13,5 %",,"5,5 %",O • 2.060,14.06.–17.06.,–
591,11.06.2019,24 %,13 %,"26,5 %",9 %,"7,5 %",–,"13,5 %",,"6,5 %",O • 2.074,07.06.–10.06.,–
592,03.06.2019,26 %,14 %,25 %,8 %,8 %,–,13 %,,6 %,O • 1.000,03.06.,–
593,28.05.2019,"27,5 %","15,5 %",19 %,"9,5 %",9 %,–,"13,5 %",,6 %,O • 2.039,24.05.–27.05.,–
594,21.05.2019,28 %,"15,5 %","18,5 %",10 %,9 %,–,14 %,,5 %,O • 2.074,17.05.–20.05.,–
595,13.05.2019,"28,5 %",16 %,19 %,"9,5 %",9 %,–,14 %,,4 %,O • 2.044,10.05.–13.05.,–
596,07.05.2019,"28,5 %",16 %,20 %,9 %,"8,5 %",–,14 %,,4 %,O • 2.089,03.05.–06.05.,–
597,29.04.2019,28 %,16 %,19 %,10 %,9 %,–,14 %,,4 %,O • 2.005,26.04.–29.04.,–
598,23.04.2019,30 %,16 %,17 %,10 %,10 %,–,14 %,,3 %,O • 1.005,18.04.–21.04.,–
599,15.04.2019,"30,5 %","15,5 %",18 %,9 %,9 %,–,14 %,,4 %,O • 2.013,12.04.–15.04.,–
600,09.04.2019,29 %,"15,5 %",19 %,10 %,"8,5 %",–,14 %,,4 %,O • 2.040,05.04.–08.04.,–
601,01.04.2019,"29,5 %","16,5 %","17,5 %",10 %,"8,5 %",–,"13,5 %",,"4,5 %",O • 4.000,28.03.–01.04.,–
602,26.03.2019,"30,5 %","15,5 %","17,5 %",9 %,9 %,–,"13,5 %",,5 %,O • 2.012,22.03.–25.03.,–
603,18.03.2019,"29,5 %",16 %,"17,5 %",9 %,9 %,–,"14,5 %",,"4,5 %",O • 2.030,15.03.–18.03.,–
604,12.03.2019,"30,5 %",15 %,"17,5 %",10 %,9 %,–,"14,5 %",,"3,5 %",O • 2.005,08.03.–11.03.,–
605,03.03.2019,29 %,17 %,"15,5 %",10 %,10 %,–,"14,5 %",,4 %,O • 4.000,27.02.–01.03.,–
606,26.02.2019,"29,5 %",18 %,"15,5 %","9,5 %",9 %,–,14 %,,"4,5 %",O • 2.048,22.02.–25.02.,–
607,18.02.2019,30 %,18 %,15 %,9 %,"9,5 %",–,14 %,,"4,5 %",O • 2.046,15.02.–18.02.,–
608,11.02.2019,"29,5 %","15,5 %","18,5 %","8,5 %","10,5 %",–,14 %,,"3,5 %",O • 2.051,08.02.–11.02.,–
609,05.02.2019,30 %,"14,5 %","18,5 %","8,5 %","10,5 %",–,14 %,,4 %,O • 2.034,01.02.–04.02.,–
610,28.01.2019,30 %,15 %,18 %,9 %,10 %,–,14 %,,4 %,O • 2.056,25.01.–28.01.,–
611,21.01.2019,31 %,"13,5 %","19,5 %","9,5 %","9,5 %",–,13 %,,4 %,O • 2.044,18.01.–21.01.,–
612,14.01.2019,29 %,"14,5 %",18 %,"9,5 %","10,5 %",–,"14,5 %",,4 %,O • 2.028,11.01.–14.01.,–
613,08.01.2019,30 %,15 %,17 %,10 %,10 %,–,15 %,,3 %,O • 2.056,05.01.–07.01.,–
614,04.01.2019,29 %,15 %,18 %,10 %,10 %,–,14 %,,4 %,O • 1.026,02.01.–03.01.,–
615,22.12.2018,29 %,14 %,19 %,9 %,9 %,–,15 %,,5 %,O • 1.029,20.12.–21.12.,–
616,18.12.2018,29 %,15 %,18 %,"9,5 %","9,5 %",–,15 %,,4 %,O • 2.077,14.12.–17.12.,–
617,10.12.2018,29 %,15 %,17 %,10 %,10 %,–,15 %,,4 %,O • 2.047,08.12.–10.12.,–
618,03.12.2018,"27,5 %","13,5 %",18 %,"9,5 %",11 %,–,16 %,,"4,5 %",O • 2.069,30.11.–03.12.,–
619,26.11.2018,"27,5 %",14 %,19 %,"8,5 %",10 %,–,16 %,,5 %,O • 2.062,23.11.–26.11.,–
620,19.11.2018,"25,5 %","14,5 %",20 %,"9,5 %",10 %,–,"15,5 %",,5 %,O • 2.047,16.11.–19.11.,–
621,12.11.2018,"25,5 %",14 %,20 %,9 %,10 %,–,"16,5 %",,5 %,O • 2.070,09.11.–12.11.,–
622,05.11.2018,"24,5 %","13,5 %",19 %,10 %,11 %,–,"16,5 %",,"5,5 %",O • 3.183,02.11.–05.11.,–
623,29.10.2018,25 %,14 %,20 %,"9,5 %",11 %,–,"16,5 %",,4 %,O • 2.052,26.10.–29.10.,–
624,23.10.2018,26 %,15 %,19 %,9 %,"10,5 %",–,17 %,,"3,5 %",O • 2.061,19.10.–22.10.,–
625,16.10.2018,"26,5 %",15 %,17 %,"9,5 %","10,5 %",–,18 %,,"3,5 %",O • 2.061,12.10.–15.10.,–
626,09.10.2018,26 %,16 %,15 %,10 %,11 %,–,18 %,,4 %,O • 2.054,05.10.–08.10.,–
627,01.10.2018,26 %,16 %,"14,5 %",10 %,"11,5 %",–,"18,5 %",,"3,5 %",O • 2.041,28.09.–01.10.,–
628,24.09.2018,27 %,16 %,"14,5 %",10 %,"11,5 %",–,18 %,,3 %,O • 2.051,21.09.–24.09.,–
629,21.09.2018,"27,5 %","16,5 %","14,5 %",10 %,11 %,–,"17,5 %",,3 %,O • 1.040,19.09.,–
630,17.09.2018,"28,5 %",17 %,13 %,9 %,"10,5 %",–,"17,5 %",,"4,5 %",O • 2.054,14.09.–17.09.,–
631,11.09.2018,28 %,17 %,"13,5 %",9 %,"10,5 %",–,"17,5 %",,"4,5 %",O • 2.042,07.09.–10.09.,–
632,03.09.2018,"28,5 %",16 %,"13,5 %","9,5 %",10 %,–,17 %,,"5,5 %",O • 2.069,31.08.–03.09.,–
633,28.08.2018,28 %,"16,5 %","13,5 %",10 %,"10,5 %",–,"16,5 %",,5 %,O • 2.079,24.08.–27.08.,–
634,21.08.2018,28 %,"16,5 %","13,5 %",10 %,12 %,–,16 %,,4 %,O • 3.129,16.08.–20.08.,–
635,14.08.2018,29 %,"17,5 %","12,5 %","9,5 %",11 %,–,17 %,,"3,5 %",O • 2.034,10.08.–13.08.,–
636,07.08.2018,30 %,17 %,"12,5 %","8,5 %",11 %,–,17 %,,4 %,O • 2.096,03.08.–06.08.,–
637,31.07.2018,29 %,18 %,12 %,9 %,"10,5 %",–,"17,5 %",,4 %,O • 2.074,27.07.–30.07.,–
638,24.07.2018,29 %,18 %,12 %,9 %,"10,5 %",–,"17,5 %",,4 %,O • 2.056,20.07.–23.07.,–
639,16.07.2018,29 %,17 %,13 %,"9,5 %",10 %,–,"17,5 %",,4 %,O • 2.084,13.07.–16.07.,–
640,09.07.2018,29 %,17 %,12 %,"9,5 %",11 %,–,"17,5 %",,4 %,O • 2.061,06.07.–09.07.,–
641,03.07.2018,29 %,19 %,12 %,9 %,11 %,–,"16,5 %",,"3,5 %",O • 2.089,29.06.–02.07.,–
642,26.06.2018,29 %,"19,5 %",11 %,9 %,11 %,–,16 %,,"4,5 %",O • 2.036,22.06.–25.06.,–
643,19.06.2018,29 %,19 %,11 %,8 %,12 %,–,16 %,,5 %,O • 2.060,15.06.–18.06.,–
644,12.06.2018,31 %,17 %,11 %,8 %,12 %,–,16 %,,5 %,O • 2.038,08.06.–11.06.,–
645,04.06.2018,32 %,17 %,11 %,8 %,"11,5 %",–,16 %,,"4,5 %",O • 2.067,01.06.–04.06.,–
646,29.05.2018,32 %,17 %,"11,5 %",8 %,12 %,–,"15,5 %",,4 %,O • 2.062,25.05.–28.05.,–
647,23.05.2018,"32,5 %","16,5 %","11,5 %",8 %,11 %,–,"15,5 %",,5 %,O • 2.044,18.05.–22.05.,–
648,14.05.2018,"32,5 %",17 %,"11,5 %",8 %,11 %,–,"15,5 %",,"4,5 %",O • 2.098,11.05.–14.05.,–
649,08.05.2018,"32,5 %",17 %,"11,5 %","8,5 %","10,5 %",–,"15,5 %",,"4,5 %",O • 2.065,04.05.–07.05.,–
650,30.04.2018,33 %,17 %,"11,5 %",9 %,"10,5 %",–,"15,5 %",,"3,5 %",O • 2.097,27.04.–30.04.,–
651,24.04.2018,"31,5 %",18 %,12 %,"9,5 %","10,5 %",–,"15,5 %",,3 %,O • 2.091,20.04.–23.04.,–
652,17.04.2018,"31,5 %","18,5 %","11,5 %",9 %,11 %,–,15 %,,"3,5 %",O • 2.054,13.04.–16.04.,–
653,10.04.2018,"31,5 %","17,5 %","11,5 %",9 %,12 %,–,"15,5 %",,3 %,O • 2.048,06.04.–09.04.,–
654,03.04.2018,32 %,18 %,10 %,10 %,12 %,–,15 %,,3 %,O • 1.074,29.03.–31.03.,–
655,26.03.2018,"32,5 %",17 %,"10,5 %",10 %,12 %,–,15 %,,3 %,O • 2.051,23.03.–26.03.,–
656,20.03.2018,32 %,"17,5 %","10,5 %",10 %,12 %,–,15 %,,3 %,O • 2.066,16.03.–19.03.,–
657,13.03.2018,32 %,"17,5 %",11 %,"9,5 %",12 %,–,15 %,,3 %,O • 2.033,09.03.–12.03.,–
658,05.03.2018,33 %,15 %,12 %,10 %,12 %,–,15 %,,3 %,O • 1.052,05.03.,–
659,26.02.2018,"32,5 %","15,5 %",12 %,9 %,12 %,–,16 %,,3 %,O • 1.063,23.02.–26.02.,–
660,19.02.2018,32 %,"15,5 %",13 %,9 %,11 %,–,16 %,,"3,5 %",O • 2.040,16.02.–19.02.,–
661,12.02.2018,"29,5 %","16,5 %",13 %,"10,5 %","11,5 %",–,15 %,,4 %,O • 2.608,09.02.–12.02.,–
662,05.02.2018,"30,5 %",17 %,"12,5 %",10 %,11 %,–,15 %,,4 %,O • 2.034,02.02.–05.02.,–
663,29.01.2018,"33,5 %","17,5 %",11 %,9 %,11 %,–,14 %,,4 %,O • 2.073,26.01.–29.01.,–
664,23.01.2018,"31,5 %",18 %,10 %,10 %,11 %,–,14 %,,"5,5 %",O • 1.169,22.01.,–
665,15.01.2018,"31,5 %","18,5 %",10 %,"9,5 %","11,5 %",–,14 %,,5 %,O • 2.000,12.01.–15.01.,–
666,08.01.2018,"31,5 %","19,5 %",10 %,10 %,11 %,–,"13,5 %",,"4,5 %",O • 2.028,05.01.–08.01.,–
667,02.01.2018,"32,5 %","19,5 %",10 %,10 %,11 %,–,13 %,,4 %,O • 2.012,29.12.–02.01.,–
668,23.12.2017,33 %,"20,5 %","9,5 %","10,5 %",10 %,–,13 %,,"3,5 %",O • 2.203,21.12.–22.12.,–
669,19.12.2017,31 %,21 %,10 %,9 %,11 %,–,14 %,,4 %,O • 2.031,15.12.–18.12.,–
670,12.12.2017,31 %,22 %,"10,5 %",9 %,"10,5 %",–,"13,5 %",,"3,5 %",O • 2.013,08.12.–11.12.,–
671,05.12.2017,31 %,22 %,10 %,10 %,11 %,–,13 %,,3 %,O • 2.063,01.12.–04.12.,–
672,27.11.2017,32 %,22 %,10 %,10 %,10 %,–,13 %,,3 %,O • 2.003,24.11.–27.11.,–
673,23.11.2017,32 %,21 %,10 %,12 %,10 %,–,12 %,,3 %,O • 1.069,21.11.–22.11.,–
674,21.11.2017,30 %,21 %,10 %,11 %,11 %,–,14 %,,3 %,O • 1.034,20.11.,–
675,21.11.2017,31 %,21 %,"9,5 %",10 %,"11,5 %",–,14 %,,3 %,O • 2.027,17.11.–19.11.,–
676,14.11.2017,32 %,20 %,9 %,"10,5 %","10,5 %",–,"13,5 %",,"4,5 %",O • 2.049,10.11.–13.11.,–
677,07.11.2017,31 %,22 %,"8,5 %","10,5 %","10,5 %",–,"13,5 %",,4 %,O • 2.023,03.11.–06.11.,–
678,30.10.2017,31 %,21 %,10 %,11 %,10 %,–,13 %,,4 %,O • 1.024,27.10.–28.10.,–
679,24.10.2017,33 %,21 %,9 %,10 %,10 %,–,13 %,,4 %,O • 1.002,23.10.–23.10.,–
680,16.10.2017,32 %,"21,5 %","9,5 %",10 %,9 %,–,13 %,,5 %,O • 2.011,13.10.–16.10.,–
681,10.10.2017,32 %,22 %,9 %,11 %,9 %,–,13 %,,4 %,O • 2.015,06.10.–09.10.,–
682,01.10.2017,31 %,21 %,10 %,12 %,9 %,–,13 %,,4 %,O • 1.071,27.09.–28.09.,–
683,22.09.2017,34 %,21 %,8 %,9 %,11 %,–,13 %,,4 %,O • 2.000,21.09.–22.09.,–
684,18.09.2017,36 %,22 %,7 %,9 %,11 %,–,11 %,,4 %,O • 2.042,15.09.–18.09.,–
685,11.09.2017,"36,5 %","23,5 %",6 %,9 %,"10,5 %",–,11 %,,"3,5 %",O • 2.054,08.09.–11.09.,–
686,04.09.2017,"36,5 %","23,5 %","6,5 %","8,5 %",10 %,–,"10,5 %",,"4,5 %",O • 2.048,01.09.–04.09.,–
687,29.08.2017,37 %,24 %,"6,5 %",8 %,10 %,–,10 %,,"4,5 %",O • 2.034,25.08.–28.08.,–
688,22.08.2017,38 %,24 %,7 %,9 %,9 %,–,10 %,,3 %,O • 2.036,18.08.–21.08.,–
689,15.08.2017,37 %,25 %,7 %,9 %,9 %,–,10 %,,3 %,O • 2.025,11.08.–14.08.,–
690,07.08.2017,37 %,25 %,"6,5 %",9 %,"10,5 %",–,9 %,,3 %,O • 2.046,04.08.–07.08.,–
691,01.08.2017,37 %,"24,5 %",7 %,9 %,10 %,–,"9,5 %",,3 %,O • 2.046,28.07.–31.07.,–
692,25.07.2017,"37,5 %",25 %,"6,5 %","8,5 %","10,5 %",–,9 %,,3 %,O • 2.009,21.07.–24.07.,–
693,18.07.2017,36 %,25 %,"6,5 %","8,5 %","9,5 %",–,10 %,,"4,5 %",O • 2.026,14.07.–17.07.,–
694,10.07.2017,36 %,25 %,"6,5 %",9 %,"9,5 %",–,"9,5 %",,"4,5 %",O • 2.009,07.07.–10.07.,–
695,03.07.2017,"36,5 %",25 %,"6,5 %",9 %,"10,5 %",–,9 %,,"3,5 %",O • 2.044,30.06.–03.07.,–
696,27.06.2017,37 %,26 %,"6,5 %",9 %,10 %,–,"8,5 %",,3 %,O • 2.056,23.06.–26.06.,–
697,20.06.2017,"36,5 %",25 %,"6,5 %",9 %,11 %,–,9 %,,3 %,O • 2.040,16.06.–19.06.,–
698,12.06.2017,"37,5 %","23,5 %","6,5 %",9 %,11 %,–,9 %,,"3,5 %",O • 2.051,09.06.–12.06.,–
699,06.06.2017,38 %,23 %,7 %,9 %,11 %,–,8 %,,4 %,O • 2.037,02.06.–06.06.,–
700,29.05.2017,"35,5 %",26 %,6 %,10 %,10 %,–,9 %,,"3,5 %",O • 2.053,26.05.–29.05.,–
701,22.05.2017,"36,5 %",26 %,6 %,"9,5 %",10 %,–,8 %,,4 %,O • 2.042,19.05.–22.05.,–
702,16.05.2017,36 %,27 %,6 %,8 %,9 %,–,10 %,,4 %,O • 2.037,12.05.–15.05.,–
703,09.05.2017,35 %,27 %,7 %,7 %,10 %,–,10 %,,4 %,O • 2.067,05.05.–08.05.,–
704,02.05.2017,34 %,"28,5 %","6,5 %",7 %,"10,5 %",–,9 %,,"4,5 %",O • 2.035,28.04.–02.05.,–
705,25.04.2017,34 %,30 %,"6,5 %","6,5 %","9,5 %",–,10 %,,"3,5 %",O • 2.041,21.04.–24.04.,–
706,19.04.2017,34 %,"30,5 %",6 %,"6,5 %",9 %,–,10 %,,4 %,O • 2.038,14.04.–18.04.,–
707,10.04.2017,33 %,"31,5 %","6,5 %","6,5 %","8,5 %",–,10 %,,4 %,O • 2.030,07.04.–10.04.,–
708,03.04.2017,32 %,"32,5 %","6,5 %","6,5 %",9 %,–,9 %,,"4,5 %",O • 2.033,31.03.–03.04.,–
709,27.03.2017,32 %,32 %,"6,5 %",6 %,"8,5 %",–,11 %,,4 %,O • 2.034,24.03.–27.03.,–
710,20.03.2017,31 %,32 %,"6,5 %","6,5 %","8,5 %",–,"11,5 %",,4 %,O • 1.933,17.03.–20.03.,–
711,13.03.2017,31 %,31 %,"6,5 %",7 %,"8,5 %",–,"11,5 %",,"4,5 %",O • 2.051,10.03.–13.03.,–
712,07.03.2017,"30,5 %","31,5 %","6,5 %","7,5 %","8,5 %",–,11 %,,"4,5 %",O • 2.022,03.03.–06.03.,–
713,28.02.2017,"30,5 %",32 %,"6,5 %",7 %,8 %,–,11 %,,5 %,O • 2.004,24.02.–27.02.,–
714,21.02.2017,"31,5 %",30 %,"6,5 %","5,5 %","9,5 %",–,11 %,,6 %,O • 2.030,17.02.–20.02.,–
715,13.02.2017,30 %,31 %,7 %,5 %,10 %,–,12 %,,5 %,O • 2.028,10.02.–13.02.,–
716,06.02.2017,30 %,31 %,7 %,6 %,10 %,–,12 %,,4 %,O • 2.042,03.02.–06.02.,–
717,02.02.2017,Zur telefonischen Umfrage (CATI) von INSA,31.01.–01.02.,,,,,,,,,,
718,30.01.2017,"32,5 %",26 %,"7,5 %","6,5 %","10,5 %",–,13 %,,4 %,O • 2.088,27.01.–30.01.,–
719,23.01.2017,"32,5 %",21 %,"8,5 %","7,5 %",11 %,–,"14,5 %",,5 %,O • 1.992,20.01.–23.01.,–
720,17.01.2017,"33,5 %",21 %,"8,5 %","7,5 %",11 %,–,"13,5 %",,5 %,O • 2.031,13.01.–16.01.,–
721,09.01.2017,32 %,21 %,9 %,7 %,11 %,–,15 %,,5 %,O • 2.054,06.01.–09.01.,–
722,03.01.2017,32 %,21 %,10 %,6 %,"11,5 %",–,15 %,,"4,5 %",O • 2.099,30.12.–02.01.,–
723,23.12.2016,"31,5 %","20,5 %",10 %,6 %,"11,5 %",–,"15,5 %",,5 %,O • 2.083,21.12.–23.12.,–
724,20.12.2016,33 %,"21,5 %",10 %,"6,5 %","11,5 %",–,13 %,,"4,5 %",O • 2.116,16.12.–19.12.,–
725,13.12.2016,32 %,"21,5 %","11,5 %","5,5 %",12 %,–,13 %,,"4,5 %",O • 1.455,09.12.–12.12.,–
726,06.12.2016,32 %,"22,5 %","10,5 %",5 %,"11,5 %",–,14 %,,"4,5 %",O • 2.080,02.12.–05.12.,–
727,28.11.2016,"32,5 %",22 %,10 %,"5,5 %","11,5 %",–,"13,5 %",,5 %,O • 2.097,25.11.–28.11.,–
728,22.11.2016,"31,5 %",22 %,"10,5 %","5,5 %","10,5 %",–,15 %,,5 %,O • 2.030,18.11.–21.11.,–
729,14.11.2016,30 %,"22,5 %","10,5 %","6,5 %","11,5 %",–,"14,5 %",,"4,5 %",O • 2.037,11.11.–14.11.,–
730,08.11.2016,"30,5 %",22 %,11 %,7 %,"10,5 %",–,"13,5 %",,"5,5 %",O • 2.045,04.11.–07.11.,–
731,02.11.2016,"30,5 %","22,5 %",11 %,"6,5 %","11,5 %",–,13 %,,5 %,O • 2.037,28.10.–02.11.,–
732,25.10.2016,"30,5 %","22,5 %","11,5 %",6 %,"11,5 %",–,14 %,,4 %,O • 2.043,21.10.–24.10.,–
733,18.10.2016,"29,5 %","21,5 %",12 %,"6,5 %","12,5 %",–,"13,5 %",,"4,5 %",O • 2.077,14.10.–17.10.,–
734,10.10.2016,"29,5 %",22 %,11 %,"6,5 %",12 %,–,15 %,,4 %,O • 2.085,07.10.–10.10.,–
735,05.10.2016,30 %,21 %,"11,5 %",7 %,"11,5 %",–,15 %,,4 %,O • 2.049,30.09.–03.10.,–
736,27.09.2016,30 %,21 %,10 %,7 %,11 %,–,"15,5 %",,"5,5 %",O • 2.048,23.09.–26.09.,–
737,19.09.2016,30 %,22 %,11 %,7 %,10 %,–,15 %,,5 %,O • 2.069,16.09.–19.09.,–
738,13.09.2016,"30,5 %","21,5 %",11 %,7 %,10 %,–,15 %,,5 %,O • 2.035,09.09.–12.09.,–
739,05.09.2016,"30,5 %","21,5 %","11,5 %","6,5 %","9,5 %",–,15 %,,"5,5 %",O • 2.071,02.09.–05.09.,–
740,30.08.2016,"30,5 %",21 %,"11,5 %",7 %,"10,5 %",–,"14,5 %",,5 %,O • 2.013,26.08.–29.08.,–
741,23.08.2016,31 %,21 %,"11,5 %","6,5 %","10,5 %",–,14 %,,"5,5 %",O • 2.020,19.08.–22.08.,–
742,16.08.2016,31 %,"20,5 %",11 %,7 %,"11,5 %",–,"13,5 %",,"5,5 %",O • 2.046,12.08.–15.08.,–
743,09.08.2016,"31,5 %",21 %,"11,5 %","6,5 %","11,5 %",–,13 %,,5 %,O • 2.056,05.08.–08.08.,–
744,02.08.2016,"31,5 %",21 %,11 %,"6,5 %",11 %,–,13 %,,6 %,O • 1.973,30.07.–01.08.,–
745,26.07.2016,"31,5 %","21,5 %",12 %,"6,5 %","11,5 %",–,12 %,,5 %,O • 2.049,22.07.–25.07.,–
746,19.07.2016,32 %,21 %,12 %,7 %,"11,5 %",–,11 %,,"5,5 %",O • 2.038,15.07.–18.07.,–
747,11.07.2016,31 %,"20,5 %",12 %,"7,5 %",11 %,–,"12,5 %",,"5,5 %",O • 2.034,08.07.–11.07.,–
748,04.07.2016,30 %,21 %,12 %,8 %,10 %,–,"14,5 %",,"4,5 %",O • 2.001,01.07.–04.07.,–
749,27.06.2016,30 %,19 %,13 %,8 %,11 %,–,14 %,,5 %,O • 2.054,24.06.–27.06.,–
750,20.06.2016,31 %,20 %,13 %,7 %,11 %,–,13 %,,5 %,O • 2.017,17.06.–20.06.,–
751,13.06.2016,30 %,"19,5 %",12 %,8 %,11 %,–,14 %,,"5,5 %",O • 2.047,10.06.–13.06.,–
752,06.06.2016,30 %,19 %,13 %,8 %,"10,5 %",–,14 %,,"5,5 %",O • 2.032,03.06.–06.06.,–
753,31.05.2016,30 %,19 %,13 %,8 %,"9,5 %",–,15 %,,"5,5 %",O • 2.053,25.05.–30.05.,–
754,23.05.2016,"30,5 %","19,5 %",13 %,7 %,10 %,–,15 %,,5 %,O • 2.022,20.05.–23.05.,–
755,17.05.2016,"30,5 %","19,5 %",13 %,"7,5 %","10,5 %",–,15 %,,4 %,O • 1.947,13.05.–17.05.,–
756,09.05.2016,"30,5 %","19,5 %",13 %,8 %,10 %,–,15 %,,4 %,O • 2.048,04.05.–09.05.,–
757,02.05.2016,32 %,"19,5 %",13 %,8 %,10 %,–,"13,5 %",,4 %,O • 2.036,29.04.–02.05.,–
758,25.04.2016,31 %,"19,5 %",14 %,8 %,10 %,–,"13,5 %",,4 %,O • 2.054,22.04.–25.04.,–
759,18.04.2016,"31,5 %","19,5 %",13 %,7 %,"9,5 %",–,"13,5 %",,6 %,O • 2.010,16.04.–18.04.,–
760,11.04.2016,"31,5 %","19,5 %","13,5 %","7,5 %","9,5 %",–,"12,5 %",,6 %,O • 1.997,08.04.–11.04.,–
761,04.04.2016,32 %,20 %,"12,5 %","7,5 %",9 %,–,13 %,,6 %,O • 2.036,01.04.–04.04.,–
762,29.03.2016,32 %,20 %,"12,5 %",6 %,11 %,–,13 %,,"5,5 %",O • 1.873,24.03.–29.03.,–
763,21.03.2016,33 %,22 %,11 %,7 %,"10,5 %",–,12 %,,"4,5 %",O • 2.022,18.03.–21.03.,–
764,14.03.2016,32 %,22 %,10 %,"6,5 %",11 %,–,13 %,,"5,5 %",O • 2.004,11.03.–14.03.,–
765,08.03.2016,"32,5 %",23 %,11 %,"6,5 %",10 %,–,"11,5 %",,"5,5 %",O • 2.011,04.03.–07.03.,–
766,29.02.2016,"32,5 %",23 %,11 %,"6,5 %",11 %,–,"11,5 %",,"4,5 %",O • 2.007,26.02.–29.02.,–
767,22.02.2016,"32,5 %","22,5 %","10,5 %","6,5 %",10 %,–,"12,5 %",,"5,5 %",O • 2.001,19.02.–22.02.,–
768,15.02.2016,"32,5 %","22,5 %",11 %,7 %,"9,5 %",–,"12,5 %",,5 %,O • 2.014,12.02.–15.02.,–
769,09.02.2016,"32,5 %",22 %,11 %,6 %,"10,5 %",–,12 %,,6 %,O • 2.054,05.02.–09.02.,–
770,01.02.2016,33 %,23 %,10 %,6 %,10 %,–,"12,5 %",,"5,5 %",O • 2.007,29.01.–01.02.,–
771,25.01.2016,"32,5 %",23 %,10 %,6 %,9 %,–,13 %,,"6,5 %",O • 2.047,22.01.–25.01.,–
772,18.01.2016,"32,5 %","22,5 %","9,5 %","6,5 %",10 %,–,"12,5 %",,"6,5 %",O • 2.051,15.01.–18.01.,–
773,11.01.2016,35 %,"21,5 %",10 %,6 %,10 %,–,"11,5 %",,6 %,O • 2.039,08.01.–11.01.,–
774,04.01.2016,36 %,"22,5 %",10 %,5 %,10 %,–,"9,5 %",,7 %,O • 2.022,30.12.–04.01.,–
775,21.12.2015,"35,5 %",23 %,"9,5 %",6 %,11 %,–,"9,5 %",,"5,5 %",O • 2.066,18.12.–21.12.,–
776,14.12.2015,35 %,"23,5 %",9 %,"5,5 %",10 %,–,10 %,,7 %,O • 2.030,11.12.–14.12.,–
777,08.12.2015,35 %,"23,5 %","9,5 %",6 %,"9,5 %",–,10 %,,"6,5 %",O • 2.012,04.12.–07.12.,–
778,30.11.2015,"34,5 %","23,5 %","9,5 %","5,5 %","9,5 %",–,"10,5 %",,7 %,O • 2.016,27.11.–30.11.,–
779,23.11.2015,"34,5 %",23 %,9 %,6 %,"10,5 %",–,10 %,,7 %,O • 2.025,20.11.–23.11.,–
780,16.11.2015,35 %,"23,5 %",10 %,5 %,10 %,–,"10,5 %",,6 %,O • 2.057,13.11.–16.11.,–
781,09.11.2015,34 %,24 %,10 %,6 %,11 %,–,10 %,,5 %,O • 2.017,06.11.–09.11.,–
782,02.11.2015,"35,5 %","24,5 %",10 %,"5,5 %",10 %,–,8 %,,"6,5 %",O • 2.173,30.10.–02.11.,–
783,27.10.2015,35 %,"24,5 %",11 %,"4,5 %","9,5 %",–,"8,5 %",,7 %,O • 2.196,23.10.–26.10.,–
784,19.10.2015,37 %,25 %,"9,5 %",5 %,"9,5 %",–,"7,5 %",,"6,5 %",O • 2.173,16.10.–19.10.,–
785,12.10.2015,38 %,"24,5 %",10 %,5 %,9 %,–,"6,5 %",,7 %,O • 2.190,09.10.–12.10.,–
786,06.10.2015,39 %,24 %,"9,5 %",5 %,10 %,–,6 %,,"6,5 %",O • 2.183,02.10.–05.10.,–
787,28.09.2015,"38,5 %","23,5 %","10,5 %",4 %,"10,5 %",–,6 %,,7 %,O • 2.201,25.09.–28.09.,–
788,21.09.2015,"39,5 %","24,5 %","9,5 %",4 %,10 %,–,6 %,,"6,5 %",O • 2.187,18.09.–21.09.,–
789,14.09.2015,40 %,24 %,10 %,4 %,"9,5 %",–,"5,5 %",,7 %,O • 2.172,11.09.–14.09.,–
790,08.09.2015,"41,5 %",24 %,"10,5 %",4 %,"9,5 %",–,5 %,,"5,5 %",O • 2.151,04.09.–07.09.,–
791,31.08.2015,"41,5 %","23,5 %",10 %,4 %,"9,5 %",–,"4,5 %",,7 %,O • 2.169,28.08.–31.08.,–
792,26.08.2015,42 %,"23,5 %","10,5 %",4 %,"9,5 %",–,"3,5 %",,7 %,O • 2.169,21.08.–24.08.,–
793,17.08.2015,41 %,"24,5 %",11 %,"4,5 %",9 %,–,4 %,,6 %,O • 2.178,14.08.–17.08.,–
794,11.08.2015,"42,5 %",23 %,"10,5 %","4,5 %",9 %,–,4 %,,"6,5 %",O • 2.161,07.08.–10.08.,–
795,03.08.2015,43 %,"24,5 %",10 %,4 %,"9,5 %",–,3 %,,6 %,O • 2.166,31.07.–03.08.,–
796,28.07.2015,"41,5 %","25,5 %","9,5 %",4 %,"9,5 %",–,3 %,,7 %,O • 2.167,24.07.–27.07.,–
797,20.07.2015,42 %,25 %,"9,5 %",4 %,"9,5 %",–,3 %,,"5,5 %",O • 2.187,17.07.–20.07.,"1,5 %"
798,13.07.2015,42 %,"25,5 %","9,5 %",4 %,"9,5 %",–,"3,5 %",,6 %,O • 2.178,10.07.–13.07.,–
799,07.07.2015,43 %,24 %,10 %,4 %,9 %,–,4 %,,5 %,O • 2.189,03.07.–06.07.,1 %
800,30.06.2015,"39,5 %","24,5 %","9,5 %",5 %,"9,5 %",–,"4,5 %",,"5,5 %",O • 2.187,26.06.–29.06.,2 %
801,23.06.2015,40 %,25 %,10 %,4 %,"9,5 %",–,"4,5 %",,7 %,O • 2.179,19.06.–22.06.,–
802,15.06.2015,41 %,24 %,"9,5 %","4,5 %","10,5 %",–,"4,5 %",,6 %,O • 2.177,12.06.–15.06.,–
803,10.06.2015,40 %,24 %,10 %,5 %,10 %,–,5 %,,6 %,O • 2.189,05.06.–08.06.,–
804,01.06.2015,41 %,25 %,10 %,5 %,"8,5 %",–,5 %,,"5,5 %",O • 2.168,29.05.–01.06.,–
805,27.05.2015,41 %,"24,5 %","9,5 %",5 %,"9,5 %",–,"5,5 %",,5 %,O • 2.163,22.05.–25.05.,–
806,19.05.2015,"40,5 %",24 %,10 %,"4,5 %","9,5 %",–,"5,5 %",,6 %,O • 2.175,15.05.–18.05.,–
807,13.05.2015,"41,5 %","24,5 %",9 %,3 %,"9,5 %",–,6 %,,"6,5 %",O • 2.149,08.05.–11.05.,–
808,04.05.2015,41 %,25 %,"9,5 %",3 %,"9,5 %",–,6 %,,4 %,O • 2.148,01.05.–04.05.,2 %
809,27.04.2015,"40,5 %",25 %,11 %,3 %,"8,5 %",–,6 %,,"4,5 %",O • 2.169,24.04.–27.04.,"1,5 %"
810,21.04.2015,41 %,"24,5 %",10 %,"3,5 %",9 %,–,"6,5 %",,"5,5 %",O • 2.174,17.04.–20.04.,–
811,14.04.2015,41 %,"23,5 %",10 %,3 %,"9,5 %",–,"6,5 %",,"6,5 %",O • 2.161,10.04.–13.04.,–
812,09.04.2015,42 %,24 %,9 %,3 %,9 %,–,"6,5 %",,"6,5 %",O • 2.174,03.04.–07.04.,–
813,31.03.2015,43 %,"23,5 %",10 %,3 %,9 %,–,6 %,,"5,5 %",O • 1.978,27.03.–30.03.,–
814,24.03.2015,41 %,24 %,"9,5 %",4 %,9 %,–,"6,5 %",,6 %,O • 2.012,20.03.–23.03.,–
815,17.03.2015,41 %,"22,5 %","9,5 %","3,5 %",10 %,–,"7,5 %",,6 %,O • 1.998,13.03.–16.03.,–
816,11.03.2015,41 %,"24,5 %","9,5 %",3 %,9 %,–,"7,5 %",,"5,5 %",O • 1.997,06.03.–09.03.,–
817,02.03.2015,41 %,24 %,"9,5 %",3 %,9 %,–,"7,5 %",,6 %,O • 2.019,27.02.–02.03.,–
818,24.02.2015,41 %,"24,5 %","9,5 %",3 %,"8,5 %",–,"7,5 %",,6 %,O • 1.992,20.02.–23.02.,–
819,18.02.2015,42 %,24 %,10 %,3 %,"8,5 %",–,7 %,,"5,5 %",O • 2.011,13.02.–17.02.,–
820,10.02.2015,"40,5 %",25 %,"10,5 %",3 %,"8,5 %",–,"7,5 %",,5 %,O • 2.005,06.02.–09.02.,–
821,02.02.2015,41 %,25 %,10 %,"2,5 %",9 %,–,7 %,,"5,5 %",O • 2.013,30.01.–02.02.,–
822,26.01.2015,42 %,24 %,10 %,3 %,"8,5 %",–,7 %,,"5,5 %",O • 2.005,23.01.–26.01.,–
823,20.01.2015,42 %,23 %,10 %,"3,5 %",9 %,–,7 %,,4 %,O • 2.019,16.01.–19.01.,"1,5 %"
824,15.01.2015,43 %,23 %,10 %,"2,5 %",9 %,–,"7,5 %",,"3,5 %",O • 2.058,09.01.–12.01.,"1,5 %"
825,06.01.2015,"42,5 %",24 %,9 %,2 %,"9,5 %",–,"7,5 %",,"5,5 %",O • 2.036,02.01.–05.01.,–
826,16.12.2014,"41,5 %","24,5 %","9,5 %",2 %,10 %,–,"7,5 %",,5 %,O • 2.017,12.12.–15.12.,–
827,11.12.2014,41 %,24 %,"9,5 %",2 %,"9,5 %",–,8 %,,6 %,O • 2.046,05.12.–08.12.,–
828,02.12.2014,"41,5 %",23 %,9 %,2 %,10 %,–,"8,5 %",,6 %,O • 2.047,28.11.–01.12.,–
829,24.11.2014,41 %,24 %,9 %,"2,5 %","10,5 %",–,"7,5 %",,"5,5 %",O • 1.979,21.11.–24.11.,–
830,17.11.2014,40 %,25 %,10 %,"2,5 %",10 %,–,7 %,,"5,5 %",O • 2.017,14.11.–17.11.,–
831,11.11.2014,41 %,"24,5 %",10 %,"3,5 %",9 %,–,8 %,,4 %,O • 2.028,07.11.–10.11.,–
832,05.11.2014,41 %,25 %,9 %,"2,5 %",9 %,–,8 %,,4 %,O • 2.020,03.11.–05.11.,"1,5 %"
833,28.10.2014,41 %,24 %,10 %,2 %,9 %,–,8 %,,"4,5 %",O • 2.003,24.10.–27.10.,"1,5 %"
834,21.10.2014,"40,5 %","24,5 %",9 %,"2,5 %",9 %,–,8 %,,5 %,O • 2.005,17.10.–20.10.,"1,5 %"
835,13.10.2014,40 %,24 %,10 %,2 %,9 %,–,9 %,,6 %,O • 2.043,10.10.–13.10.,–
836,07.10.2014,39 %,24 %,11 %,3 %,8 %,–,8 %,,7 %,O • 2.030,03.10.–06.10.,–
837,29.09.2014,"38,5 %",25 %,11 %,3 %,"9,5 %",–,"8,5 %",,"4,5 %",O • 2.037,26.09.–29.09.,–
838,24.09.2014,"39,5 %",24 %,10 %,3 %,9 %,–,8 %,,"6,5 %",O • 2.019,19.09.–22.09.,–
839,16.09.2014,39 %,25 %,10 %,"3,5 %","9,5 %",–,7 %,,6 %,O • 2.020,12.09.–15.09.,–
840,10.09.2014,"39,5 %",23 %,11 %,"3,5 %",9 %,–,6 %,,6 %,O • 2.030,05.09.–08.09.,2 %
841,02.09.2014,40 %,25 %,10 %,3 %,10 %,–,6 %,,6 %,O • 2.036,29.08.–01.09.,–
842,27.08.2014,42 %,25 %,10 %,"3,5 %","9,5 %",–,5 %,,5 %,O • 1.998,22.08.–25.08.,–
843,20.08.2014,41 %,26 %,10 %,"3,5 %",9 %,–,5 %,,"5,5 %",O • 2.005,15.08.–18.08.,–
844,13.08.2014,42 %,26 %,"9,5 %",3 %,9 %,–,"5,5 %",,5 %,O • 2.006,08.08.–11.08.,–
845,05.08.2014,41 %,25 %,"9,5 %",3 %,"9,5 %",–,"4,5 %",,"5,5 %",O • 2.032,01.08.–04.08.,2 %
846,29.07.2014,40 %,"24,5 %","10,5 %","3,5 %",9 %,–,5 %,,6 %,O • 2.014,25.07.–28.07.,"1,5 %"
847,23.07.2014,41 %,24 %,10 %,"3,5 %",9 %,–,6 %,,5 %,O • 2.044,18.07.–21.07.,"1,5 %"
848,14.07.2014,40 %,24 %,11 %,"3,5 %",9 %,–,6 %,,5 %,O • 2.018,11.07.–14.07.,"1,5 %"
849,08.07.2014,40 %,25 %,10 %,4 %,9 %,–,"5,5 %",,4 %,O • 2.033,04.07.–07.07.,"2,5 %"
850,30.06.2014,41 %,24 %,10 %,"3,5 %",9 %,–,6 %,,"4,5 %",O • 2.044,27.06.–30.06.,2 %
851,23.06.2014,"40,5 %",24 %,11 %,3 %,9 %,–,6 %,,"4,5 %",O • 2.020,20.06.–23.06.,2 %
852,16.06.2014,"39,5 %",25 %,11 %,4 %,"8,5 %",–,6 %,,"4,5 %",O • 1.993,13.06.–16.06.,"1,5 %"
853,11.06.2014,39 %,"24,5 %",11 %,"4,5 %",9 %,–,"6,5 %",,"3,5 %",O • 2.036,06.06.–10.06.,2 %
854,03.06.2014,38 %,26 %,11 %,"3,5 %",9 %,–,6 %,,4 %,O • 2.014,30.05.–02.06.,"2,5 %"
855,27.05.2014,39 %,26 %,10 %,4 %,9 %,–,6 %,,4 %,O • 2.009,23.05.–26.05.,2 %
856,19.05.2014,40 %,25 %,10 %,4 %,9 %,–,5 %,,5 %,O • 2.009,16.05.–19.05.,2 %
857,13.05.2014,40 %,"23,5 %",11 %,4 %,10 %,–,"5,5 %",,4 %,O • 2.033,09.05.–12.05.,2 %
858,05.05.2014,41 %,25 %,11 %,3 %,9 %,–,5 %,,4 %,O • 2.082,02.05.–05.05.,2 %
859,29.04.2014,"41,5 %",24 %,10 %,"4,5 %",9 %,–,"5,5 %",,"3,5 %",O • 2.093,25.04.–28.04.,2 %
860,23.04.2014,41 %,"24,5 %","10,5 %","4,5 %",9 %,–,5 %,,"3,5 %",O • 2.089,18.04.–21.04.,2 %
861,14.04.2014,"40,5 %","23,5 %",10 %,5 %,10 %,–,"5,5 %",,"3,5 %",O • 2.080,11.04.–14.04.,2 %
862,08.04.2014,41 %,24 %,10 %,4 %,10 %,–,6 %,,3 %,O • 2.085,04.04.–07.04.,2 %
863,01.04.2014,41 %,"24,5 %",11 %,3 %,9 %,–,5 %,,"4,5 %",O • 2.087,28.03.–31.03.,2 %
864,26.03.2014,41 %,25 %,10 %,4 %,10 %,–,5 %,,3 %,O • 2.088,21.03.–24.03.,2 %
865,19.03.2014,"40,5 %","24,5 %",10 %,4 %,10 %,–,5 %,,4 %,O • 2.102,14.03.–17.03.,2 %
866,11.03.2014,41 %,"25,5 %",10 %,4 %,"8,5 %",–,"5,5 %",,"3,5 %",O • 2.085,07.03.–10.03.,2 %
867,04.03.2014,41 %,"24,5 %",11 %,4 %,"9,5 %",–,5 %,,3 %,O • 2.043,28.02.–03.03.,2 %
868,25.02.2014,"40,5 %","25,5 %",10 %,4 %,9 %,–,"5,5 %",,3 %,O • 2.100,21.02.–24.02.,"2,5 %"
869,17.02.2014,41 %,25 %,10 %,4 %,10 %,–,5 %,,"2,5 %",O • 2.080,14.02.–17.02.,"2,5 %"
870,11.02.2014,41 %,26 %,9 %,4 %,"9,5 %",–,5 %,,"3,5 %",O • 2.102,07.02.–10.02.,2 %
871,03.02.2014,"41,5 %",25 %,"9,5 %",4 %,9 %,–,5 %,,"3,5 %",O • 2.110,31.01.–03.02.,"2,5 %"
872,27.01.2014,41 %,"26,5 %","9,5 %","4,5 %","8,5 %",–,4 %,,"3,5 %",O • 2.079,24.01.–27.01.,"2,5 %"
873,22.01.2014,41 %,26 %,"9,5 %","4,5 %",9 %,–,4 %,,6 %,O • 2.096,17.01.–20.01.,–
874,13.01.2014,41 %,26 %,10 %,4 %,"9,5 %",–,4 %,,"5,5 %",O • 2.083,10.01.–13.01.,–
875,06.01.2014,"41,5 %",25 %,9 %,4 %,10 %,–,5 %,,"5,5 %",O • 2.067,03.01.–06.01.,–
876,17.12.2013,42 %,27 %,9 %,4 %,9 %,–,4 %,,5 %,O • 2.100,13.12.–16.12.,–
877,09.12.2013,42 %,25 %,10 %,4 %,"9,5 %",–,"4,5 %",,5 %,O • 2.090,06.12.–09.12.,–
878,03.12.2013,"42,5 %",24 %,11 %,"3,5 %","9,5 %",–,4 %,,"5,5 %",O • 2.093,29.11.–02.12.,–
879,27.11.2013,"40,5 %","25,5 %","10,5 %",4 %,9 %,–,4 %,,"6,5 %",O • 2.095,22.11.–25.11.,–
880,20.11.2013,41 %,25 %,10 %,4 %,"9,5 %",–,"4,5 %",,6 %,O • 2.093,15.11.–18.11.,–
881,12.11.2013,42 %,25 %,11 %,4 %,"8,5 %",–,"4,5 %",,5 %,O • 2.099,06.11.–11.11.,–
882,06.11.2013,42 %,26 %,"10,5 %","3,5 %",9 %,–,4 %,,5 %,O • 2.086,01.11.–04.11.,–
883,30.10.2013,42 %,"26,5 %",10 %,"3,5 %",9 %,–,"4,5 %",,"4,5 %",O • 2.097,25.10.–28.10.,–
884,21.10.2013,43 %,26 %,10 %,"3,5 %","8,5 %",–,4 %,,5 %,O • 2.117,18.10.–21.10.,–
885,15.10.2013,42 %,26 %,9 %,4 %,9 %,–,6 %,,4 %,O • 1.998,11.10.–14.10.,–
886,10.10.2013,43 %,25 %,9 %,4 %,9 %,1 %,5 %,,2 %,O • 2.030,08.10.–09.10.,2 %
887,19.09.2013,38 %,28 %,8 %,6 %,9 %,1 %,5 %,,3 %,O • 2.248,15.09.–18.09.,2 %
888,15.09.2013,38 %,27 %,11 %,4 %,8 %,?,4 %,,?,O • 2.132,??.09.–??.09.,3 %
889,09.09.2013,39 %,28 %,11 %,4 %,8 %,1 %,3 %,,3 %,O • 2.132,06.09.–09.09.,3 %
890,02.09.2013,39 %,26 %,13 %,5 %,8 %,1 %,3 %,,2 %,O • 2.135,30.08.–02.09.,3 %
891,26.08.2013,39 %,25 %,14 %,6 %,7 %,2 %,3 %,,1 %,O • 2.128,23.08.–26.08.,3 %
892,20.08.2013,38 %,26 %,15 %,5 %,8 %,1 %,3 %,,1 %,O • 2.122,16.08.–19.08.,3 %
893,13.08.2013,39 %,26 %,14 %,5 %,8 %,1 %,3 %,,2 %,O • 2.121,09.08.–12.08.,2 %
894,05.08.2013,39 %,26 %,14 %,5 %,8 %,1 %,2 %,,3 %,O • 2.131,02.08.–05.08.,2 %
895,30.07.2013,39 %,26 %,15 %,4 %,7 %,1 %,3 %,,3 %,O • 2.128,26.07.–29.07.,2 %
896,23.07.2013,38 %,26 %,15 %,5 %,7 %,1 %,3 %,,3 %,O • 2.132,19.07.–22.07.,2 %
897,16.07.2013,38 %,26 %,15 %,5 %,8 %,1 %,3 %,,2 %,O • 2.122,12.07.–15.07.,2 %
898,09.07.2013,39 %,26 %,14 %,5 %,7 %,1 %,3 %,,3 %,O • 2.125,05.07.–08.07.,2 %
899,01.07.2013,40 %,25 %,15 %,4 %,7 %,2 %,3 %,,2 %,O • 2.121,28.06.–01.07.,2 %
900,24.06.2013,39 %,26 %,16 %,4 %,7 %,1 %,2 %,,3 %,O • 2.129,21.06.–24.06.,2 %
901,19.06.2013,40 %,25 %,15 %,4 %,7 %,1 %,3 %,,2 %,O • 2.317,14.06.–17.06.,3 %
902,11.06.2013,39 %,26 %,14 %,5 %,7 %,1 %,3 %,,3 %,O • 2.005,07.06.–11.06.,2 %
903,04.06.2013,39 %,27 %,15 %,4 %,6 %,1 %,3 %,,2 %,O • 2.633,31.05.–03.06.,3 %
904,01.06.2013,39 %,26 %,14 %,4 %,7 %,1 %,4 %,,2 %,O • 1.025,27.05.–29.05.,3 %
905,27.05.2013,39 %,25 %,14 %,4 %,7 %,2 %,3 %,,4 %,O • 2.019,24.05.–27.05.,2 %
906,22.05.2013,38 %,26 %,13 %,5 %,8 %,2 %,3 %,,3 %,O • 2.009,17.05.–20.05.,2 %
907,17.05.2013,37 %,27 %,14 %,4 %,8 %,2 %,3 %,,2 %,O • 1.023,14.05.–15.05.,3 %
908,13.05.2013,37 %,27 %,15 %,4 %,7 %,1 %,3 %,,3 %,O • 2.015,10.05.–13.05.,3 %
909,07.05.2013,37 %,26 %,15 %,5 %,7 %,1 %,3 %,,3 %,O • 2.044,03.05.–06.05.,3 %
910,29.04.2013,38 %,26 %,16 %,5 %,7 %,1 %,3 %,,2 %,O • 2.000,26.04.–29.04.,2 %
911,22.04.2013,38 %,26 %,15 %,5 %,6 %,1 %,5 %,,2 %,O • 2.030,19.04.–22.04.,2 %
912,21.04.2013,39 %,26 %,14 %,5 %,6 %,1 %,4 %,,3 %,O • 1.030,18.04.–19.04.,2 %
913,16.04.2013,39 %,26 %,15 %,5 %,6 %,1 %,3 %,,2 %,O • 2.018,12.04.–15.04.,3 %
914,09.04.2013,39 %,26 %,16 %,5 %,7 %,2 %,–,,3 %,O • 2.018,05.04.–08.04.,2 %
915,25.03.2013,39 %,27 %,14 %,5 %,8 %,1 %,–,,3 %,O • 2.006,22.03.–25.03.,3 %
916,22.03.2013,40 %,27 %,15 %,5 %,7 %,1 %,–,,3 %,O • 2.011,15.03.–18.03.,2 %
917,12.03.2013,40 %,27 %,16 %,5 %,6 %,2 %,–,,2 %,O • 2.022,08.03.–11.03.,2 %
918,04.03.2013,41 %,26 %,15 %,5 %,7 %,1 %,–,,2 %,O • 2.006,01.03.–04.03.,3 %
919,26.02.2013,40 %,28 %,15 %,5 %,7 %,1 %,–,,2 %,O • 2.028,22.02.–25.02.,2 %
920,19.02.2013,40 %,29 %,15 %,5 %,6 %,1 %,–,,2 %,O • 2.023,15.02.–18.02.,2 %
921,12.02.2013,39 %,29 %,15 %,4 %,6 %,1 %,–,,3 %,O • 2.011,08.02.–11.02.,3 %
922,04.02.2013,40 %,29 %,15 %,4 %,6 %,2 %,–,,2 %,O • 2.017,01.02.–04.02.,2 %
923,29.01.2013,40 %,28 %,15 %,5 %,6 %,1 %,–,,2 %,O • 2.012,25.01.–28.01.,3 %
924,22.01.2013,41 %,27 %,14 %,4 %,7 %,1 %,–,,3 %,O • 1.997,18.01.–21.01.,3 %
925,15.01.2013,39 %,28 %,15 %,4 %,7 %,2 %,–,,2 %,O • 2.023,11.01.–14.01.,3 %
926,07.01.2013,39 %,28 %,14 %,4 %,7 %,2 %,–,,3 %,O • 2.026,04.01.–07.01.,3 %
927,18.12.2012,36 %,29 %,13 %,5 %,7 %,2 %,–,,4 %,O • 2.012,14.12.–17.12.,4 %
928,11.12.2012,37 %,29 %,14 %,4 %,7 %,2 %,–,,4 %,O • 2.020,07.12.–10.12.,3 %
929,04.12.2012,35 %,29 %,15 %,5 %,7 %,2 %,–,,3 %,O • 2.022,30.11.–02.12.,4 %
930,27.11.2012,36 %,29 %,15 %,4 %,7 %,2 %,–,,3 %,O • 2.041,23.11.–26.11.,4 %
931,19.11.2012,38 %,29 %,14 %,4 %,7 %,2 %,–,,2 %,O • 2.019,16.11.–19.11.,4 %
932,13.11.2012,38 %,30 %,14 %,5 %,6 %,1 %,–,,2 %,O • 2.023,09.11.–12.11.,4 %
933,06.11.2012,38 %,30 %,14 %,4 %,6 %,2 %,–,,3 %,O • 2.003,02.11.–05.11.,3 %
934,30.10.2012,37 %,30 %,13 %,4 %,7 %,2 %,–,,3 %,O • 2.034,26.10.–29.10.,4 %
935,23.10.2012,35 %,32 %,13 %,4 %,7 %,2 %,–,,3 %,O • 2.019,19.10.–22.10.,4 %
936,15.10.2012,36 %,31 %,12 %,4 %,7 %,2 %,–,,4 %,O • 2.013,12.10.–15.10.,4 %
937,09.10.2012,36 %,30 %,11 %,5 %,7 %,2 %,–,,4 %,O • 2.006,05.10.–08.10.,5 %
938,02.10.2012,36 %,29 %,13 %,4 %,7 %,2 %,–,,4 %,O • 2.008,28.09.–01.10.,5 %
939,25.09.2012,36 %,30 %,14 %,5 %,6 %,1 %,–,,3 %,O • 2.030,21.09.–24.09.,5 %
940,20.09.2012,36 %,29 %,13 %,4 %,7 %,1 %,–,,4 %,O • 2.039,14.09.–17.09.,6 %
941,11.09.2012,37 %,28 %,14 %,4 %,6 %,2 %,–,,3 %,O • 2.029,07.09.–10.09.,6 %
942,04.09.2012,36 %,29 %,14 %,4 %,6 %,2 %,–,,3 %,O • 2.014,31.08.–03.09.,6 %
943,28.08.2012,35 %,29 %,15 %,4 %,6 %,2 %,–,,3 %,O • 2.020,24.08.–27.08.,6 %
944,21.08.2012,36 %,28 %,15 %,4 %,6 %,1 %,–,,3 %,O • 2.034,17.08.–20.08.,7 %
945,14.08.2012,35 %,30 %,14 %,4 %,6 %,2 %,–,,3 %,O • 2.031,10.08.–13.08.,6 %
946,07.08.2012,36 %,30 %,13 %,5 %,6 %,2 %,–,,2 %,O • 2.046,03.08.–06.08.,6 %
947,02.08.2012,35 %,31 %,15 %,4 %,6 %,1 %,–,,2 %,O • 2.020,27.07.–30.07.,6 %
948,24.07.2012,35 %,30 %,15 %,5 %,6 %,1 %,–,,2 %,O • 2.037,20.07.–23.07.,6 %
949,17.07.2012,36 %,29 %,14 %,4 %,6 %,2 %,–,,2 %,O • 2.020,13.07.–16.07.,7 %
950,10.07.2012,35 %,28 %,14 %,4 %,6 %,2 %,–,,?,O • 2.041,06.07.–09.07.,8 %
951,03.07.2012,35 %,29 %,14 %,4 %,5 %,2 %,–,,3 %,O • 2.021,29.06.–02.07.,8 %
952,25.06.2012,34 %,31 %,14 %,5 %,6 %,–,–,,4 %,O • 1.987,22.06.–25.06.,7 %
953,19.06.2012,35 %,31 %,14 %,5 %,5 %,–,–,,3 %,O • 2.023,15.06.–18.06.,7 %
954,12.06.2012,35 %,31 %,13 %,5 %,5 %,–,–,,4 %,O • 1.999,08.06.–11.06.,7 %
955,05.06.2012,34 %,32 %,14 %,5 %,4 %,–,–,,4 %,O • 2.019,01.06.–04.06.,7 %
956,29.05.2012,33 %,31 %,14 %,5 %,5 %,–,–,,4 %,O • 2.027,25.05.–28.05.,8 %
957,22.05.2012,33 %,32 %,14 %,4 %,6 %,–,–,,3 %,O • 2.013,18.05.–21.05.,8 %
958,15.05.2012,34 %,29 %,14 %,5 %,6 %,–,–,,3 %,O • 2.031,11.05.–14.05.,9 %
959,09.05.2012,35 %,27 %,15 %,5 %,6 %,–,–,,4 %,O • 2.015,04.05.–07.05.,8 %
960,01.05.2012,36 %,27 %,13 %,4 %,7 %,–,–,,4 %,O • 2.098,27.04.–30.04.,9 %
961,23.04.2012,35 %,26 %,15 %,4 %,6 %,–,–,,4 %,O • 2.097,20.04.–23.04.,10 %
962,16.04.2012,36 %,27 %,13 %,4 %,7 %,–,–,,4 %,O • 2.075,13.04.–16.04.,9 %
963,11.04.2012,35 %,28 %,13 %,4 %,7 %,–,–,,4 %,O • 2.100,06.04.–09.04.,9 %
964,03.04.2012,36 %,29 %,14 %,4 %,6 %,–,–,,3 %,O • 2.085,30.03.–02.04.,8 %
965,27.03.2012,36 %,29 %,15 %,4 %,7 %,–,–,,3 %,O • 2.099,23.03.–26.03.,6 %
