,date,CDU/CSU,SPD,GRÜNE,FDP,LINKE,PIRATEN,FW,AfD,Sonstige,Befragte,Zeitraum
0,19.09.2013,38 %,28 %,8 %,6 %,9 %,2 %,1 %,5 %,3 %,O • 2.248,15.09.–18.09.
1,15.09.2013,38 %,27 %,11 %,4 %,8 %,3 %,?,4 %,?,O • 2.132,??.09.–??.09.
2,09.09.2013,39 %,28 %,11 %,4 %,8 %,3 %,1 %,3 %,3 %,O • 2.132,06.09.–09.09.
3,02.09.2013,39 %,26 %,13 %,5 %,8 %,3 %,1 %,3 %,2 %,O • 2.135,30.08.–02.09.
4,26.08.2013,39 %,25 %,14 %,6 %,7 %,3 %,2 %,3 %,1 %,O • 2.128,23.08.–26.08.
5,20.08.2013,38 %,26 %,15 %,5 %,8 %,3 %,1 %,3 %,1 %,O • 2.122,16.08.–19.08.
6,13.08.2013,39 %,26 %,14 %,5 %,8 %,2 %,1 %,3 %,2 %,O • 2.121,09.08.–12.08.
7,05.08.2013,39 %,26 %,14 %,5 %,8 %,2 %,1 %,2 %,3 %,O • 2.131,02.08.–05.08.
8,30.07.2013,39 %,26 %,15 %,4 %,7 %,2 %,1 %,3 %,3 %,O • 2.128,26.07.–29.07.
9,23.07.2013,38 %,26 %,15 %,5 %,7 %,2 %,1 %,3 %,3 %,O • 2.132,19.07.–22.07.
10,16.07.2013,38 %,26 %,15 %,5 %,8 %,2 %,1 %,3 %,2 %,O • 2.122,12.07.–15.07.
11,09.07.2013,39 %,26 %,14 %,5 %,7 %,2 %,1 %,3 %,3 %,O • 2.125,05.07.–08.07.
12,01.07.2013,40 %,25 %,15 %,4 %,7 %,2 %,2 %,3 %,2 %,O • 2.121,28.06.–01.07.
13,24.06.2013,39 %,26 %,16 %,4 %,7 %,2 %,1 %,2 %,3 %,O • 2.129,21.06.–24.06.
14,19.06.2013,40 %,25 %,15 %,4 %,7 %,3 %,1 %,3 %,2 %,O • 2.317,14.06.–17.06.
15,11.06.2013,39 %,26 %,14 %,5 %,7 %,2 %,1 %,3 %,3 %,O • 2.005,07.06.–11.06.
16,04.06.2013,39 %,27 %,15 %,4 %,6 %,3 %,1 %,3 %,2 %,O • 2.633,31.05.–03.06.
17,01.06.2013,39 %,26 %,14 %,4 %,7 %,3 %,1 %,4 %,2 %,O • 1.025,27.05.–29.05.
18,27.05.2013,39 %,25 %,14 %,4 %,7 %,2 %,2 %,3 %,4 %,O • 2.019,24.05.–27.05.
19,22.05.2013,38 %,26 %,13 %,5 %,8 %,2 %,2 %,3 %,3 %,O • 2.009,17.05.–20.05.
20,17.05.2013,37 %,27 %,14 %,4 %,8 %,3 %,2 %,3 %,2 %,O • 1.023,14.05.–15.05.
21,13.05.2013,37 %,27 %,15 %,4 %,7 %,3 %,1 %,3 %,3 %,O • 2.015,10.05.–13.05.
22,07.05.2013,37 %,26 %,15 %,5 %,7 %,3 %,1 %,3 %,3 %,O • 2.044,03.05.–06.05.
23,29.04.2013,38 %,26 %,16 %,5 %,7 %,2 %,1 %,3 %,2 %,O • 2.000,26.04.–29.04.
24,22.04.2013,38 %,26 %,15 %,5 %,6 %,2 %,1 %,5 %,2 %,O • 2.030,19.04.–22.04.
25,21.04.2013,39 %,26 %,14 %,5 %,6 %,2 %,1 %,4 %,3 %,O • 1.030,18.04.–19.04.
26,16.04.2013,39 %,26 %,15 %,5 %,6 %,3 %,1 %,3 %,2 %,O • 2.018,12.04.–15.04.
27,09.04.2013,39 %,26 %,16 %,5 %,7 %,2 %,2 %,–,3 %,O • 2.018,05.04.–08.04.
28,25.03.2013,39 %,27 %,14 %,5 %,8 %,3 %,1 %,–,3 %,O • 2.006,22.03.–25.03.
29,22.03.2013,40 %,27 %,15 %,5 %,7 %,2 %,1 %,–,3 %,O • 2.011,15.03.–18.03.
30,12.03.2013,40 %,27 %,16 %,5 %,6 %,2 %,2 %,–,2 %,O • 2.022,08.03.–11.03.
31,04.03.2013,41 %,26 %,15 %,5 %,7 %,3 %,1 %,–,2 %,O • 2.006,01.03.–04.03.
32,26.02.2013,40 %,28 %,15 %,5 %,7 %,2 %,1 %,–,2 %,O • 2.028,22.02.–25.02.
33,19.02.2013,40 %,29 %,15 %,5 %,6 %,2 %,1 %,–,2 %,O • 2.023,15.02.–18.02.
34,12.02.2013,39 %,29 %,15 %,4 %,6 %,3 %,1 %,–,3 %,O • 2.011,08.02.–11.02.
35,04.02.2013,40 %,29 %,15 %,4 %,6 %,2 %,2 %,–,2 %,O • 2.017,01.02.–04.02.
36,29.01.2013,40 %,28 %,15 %,5 %,6 %,3 %,1 %,–,2 %,O • 2.012,25.01.–28.01.
37,22.01.2013,41 %,27 %,14 %,4 %,7 %,3 %,1 %,–,3 %,O • 1.997,18.01.–21.01.
38,15.01.2013,39 %,28 %,15 %,4 %,7 %,3 %,2 %,–,2 %,O • 2.023,11.01.–14.01.
39,07.01.2013,39 %,28 %,14 %,4 %,7 %,3 %,2 %,–,3 %,O • 2.026,04.01.–07.01.
40,18.12.2012,36 %,29 %,13 %,5 %,7 %,4 %,2 %,–,4 %,O • 2.012,14.12.–17.12.
41,11.12.2012,37 %,29 %,14 %,4 %,7 %,3 %,2 %,–,4 %,O • 2.020,07.12.–10.12.
42,04.12.2012,35 %,29 %,15 %,5 %,7 %,4 %,2 %,–,3 %,O • 2.022,30.11.–02.12.
43,27.11.2012,36 %,29 %,15 %,4 %,7 %,4 %,2 %,–,3 %,O • 2.041,23.11.–26.11.
44,19.11.2012,38 %,29 %,14 %,4 %,7 %,4 %,2 %,–,2 %,O • 2.019,16.11.–19.11.
45,13.11.2012,38 %,30 %,14 %,5 %,6 %,4 %,1 %,–,2 %,O • 2.023,09.11.–12.11.
46,06.11.2012,38 %,30 %,14 %,4 %,6 %,3 %,2 %,–,3 %,O • 2.003,02.11.–05.11.
47,30.10.2012,37 %,30 %,13 %,4 %,7 %,4 %,2 %,–,3 %,O • 2.034,26.10.–29.10.
48,23.10.2012,35 %,32 %,13 %,4 %,7 %,4 %,2 %,–,3 %,O • 2.019,19.10.–22.10.
49,15.10.2012,36 %,31 %,12 %,4 %,7 %,4 %,2 %,–,4 %,O • 2.013,12.10.–15.10.
50,09.10.2012,36 %,30 %,11 %,5 %,7 %,5 %,2 %,–,4 %,O • 2.006,05.10.–08.10.
51,02.10.2012,36 %,29 %,13 %,4 %,7 %,5 %,2 %,–,4 %,O • 2.008,28.09.–01.10.
52,25.09.2012,36 %,30 %,14 %,5 %,6 %,5 %,1 %,–,3 %,O • 2.030,21.09.–24.09.
53,20.09.2012,36 %,29 %,13 %,4 %,7 %,6 %,1 %,–,4 %,O • 2.039,14.09.–17.09.
54,11.09.2012,37 %,28 %,14 %,4 %,6 %,6 %,2 %,–,3 %,O • 2.029,07.09.–10.09.
55,04.09.2012,36 %,29 %,14 %,4 %,6 %,6 %,2 %,–,3 %,O • 2.014,31.08.–03.09.
56,28.08.2012,35 %,29 %,15 %,4 %,6 %,6 %,2 %,–,3 %,O • 2.020,24.08.–27.08.
57,21.08.2012,36 %,28 %,15 %,4 %,6 %,7 %,1 %,–,3 %,O • 2.034,17.08.–20.08.
58,14.08.2012,35 %,30 %,14 %,4 %,6 %,6 %,2 %,–,3 %,O • 2.031,10.08.–13.08.
59,07.08.2012,36 %,30 %,13 %,5 %,6 %,6 %,2 %,–,2 %,O • 2.046,03.08.–06.08.
60,02.08.2012,35 %,31 %,15 %,4 %,6 %,6 %,1 %,–,2 %,O • 2.020,27.07.–30.07.
61,24.07.2012,35 %,30 %,15 %,5 %,6 %,6 %,1 %,–,2 %,O • 2.037,20.07.–23.07.
62,17.07.2012,36 %,29 %,14 %,4 %,6 %,7 %,2 %,–,2 %,O • 2.020,13.07.–16.07.
63,10.07.2012,35 %,28 %,14 %,4 %,6 %,8 %,2 %,–,?,O • 2.041,06.07.–09.07.
64,03.07.2012,35 %,29 %,14 %,4 %,5 %,8 %,2 %,–,3 %,O • 2.021,29.06.–02.07.
65,25.06.2012,34 %,31 %,14 %,5 %,6 %,7 %,–,–,4 %,O • 1.987,22.06.–25.06.
66,19.06.2012,35 %,31 %,14 %,5 %,5 %,7 %,–,–,3 %,O • 2.023,15.06.–18.06.
67,12.06.2012,35 %,31 %,13 %,5 %,5 %,7 %,–,–,4 %,O • 1.999,08.06.–11.06.
68,05.06.2012,34 %,32 %,14 %,5 %,4 %,7 %,–,–,4 %,O • 2.019,01.06.–04.06.
69,29.05.2012,33 %,31 %,14 %,5 %,5 %,8 %,–,–,4 %,O • 2.027,25.05.–28.05.
70,22.05.2012,33 %,32 %,14 %,4 %,6 %,8 %,–,–,3 %,O • 2.013,18.05.–21.05.
71,15.05.2012,34 %,29 %,14 %,5 %,6 %,9 %,–,–,3 %,O • 2.031,11.05.–14.05.
72,09.05.2012,35 %,27 %,15 %,5 %,6 %,8 %,–,–,4 %,O • 2.015,04.05.–07.05.
73,01.05.2012,36 %,27 %,13 %,4 %,7 %,9 %,–,–,4 %,O • 2.098,27.04.–30.04.
74,23.04.2012,35 %,26 %,15 %,4 %,6 %,10 %,–,–,4 %,O • 2.097,20.04.–23.04.
75,16.04.2012,36 %,27 %,13 %,4 %,7 %,9 %,–,–,4 %,O • 2.075,13.04.–16.04.
76,11.04.2012,35 %,28 %,13 %,4 %,7 %,9 %,–,–,4 %,O • 2.100,06.04.–09.04.
77,03.04.2012,36 %,29 %,14 %,4 %,6 %,8 %,–,–,3 %,O • 2.085,30.03.–02.04.
78,27.03.2012,36 %,29 %,15 %,4 %,7 %,6 %,–,–,3 %,O • 2.099,23.03.–26.03.
